2000-01-26,655,"New York, NY",STT,"Charlotte Amalie, VI",800,1103,1627,5,1301,1632,0,1623
2000-01-20,1169,"New York, NY",SJU,"San Juan, PR",1950,1956,313,5,49,318,0,1597
2000-01-02,1453,"New York, NY",SJU,"San Juan, PR",2135,2202,219,5,228,224,0,1597
2000-01-10,1,"New York, NY",LAX,"Los Angeles, CA",900,856,1208,9,1212,1217,0,2475
2000-01-20,185,"New York, NY",LAX,"Los Angeles, CA",1900,1943,2336,11,2221,2347,0,2475
2000-01-23,2111,"New York, NY",MIA,"Miami, FL",1818,1840,2215,10,2130,2225,0,1090
2000-01-16,65,"New York, NY",SFO,"San Francisco, CA",1530,1544,1920,4,1907,1924,0,2586
2000-01-24,3,"New York, NY",LAX,"Los Angeles, CA",1200,1159,1516,4,1520,1520,0,2475
2000-01-11,15,"New York, NY",SFO,"San Francisco, CA",1100,1100,1458,6,1436,1504,0,2586
2000-01-03,21,"New York, NY",LAX,"Los Angeles, CA",1800,1756,2101,12,2127,2113,0,2475
2000-01-07,1473,"New York, NY",SJU,"San Juan, PR",1130,1130,1551,3,1629,1554,0,1597
2000-01-31,1453,"New York, NY",SJU,"San Juan, PR",2135,2144,238,7,230,245,0,1597
2000-01-03,1453,"New York, NY",SJU,"San Juan, PR",2135,2134,203,6,228,209,0,1597
2000-01-13,15,"New York, NY",SFO,"San Francisco, CA",1100,1140,1513,2,1436,1515,0,2586
2000-01-09,65,"New York, NY",SFO,"San Francisco, CA",1530,1532,1904,10,1907,1914,0,2586
2000-01-11,1972,"New York, NY",BOS,"Boston, MA",735,732,840,8,847,848,0,187
2000-01-23,177,"New York, NY",SFO,"San Francisco, CA",1845,1931,2348,6,2231,2354,0,2586
2000-01-27,133,"New York, NY",LAX,"Los Angeles, CA",1615,1720,2014,6,1932,2020,0,2475
2000-01-04,21,"New York, NY",LAX,"Los Angeles, CA",1800,1802,2058,10,2127,2108,0,2475
2000-01-17,1165,"New York, NY",MIA,"Miami, FL",915,912,1150,6,1230,1156,0,1090
2000-01-03,133,"New York, NY",LAX,"Los Angeles, CA",1615,1618,1904,6,1932,1910,0,2475
2000-01-03,105,"New York, NY",DFW,"Dallas/Fort Worth, TX",1810,1807,2144,5,2117,2149,0,1391
2000-01-19,699,"New York, NY",SJU,"San Juan, PR",700,701,1140,10,1159,1150,0,1597
2000-01-29,33,"New York, NY",LAX,"Los Angeles, CA",800,803,1051,6,1125,1057,0,2475
2000-01-23,21,"New York, NY",LAX,"Los Angeles, CA",1800,1800,2139,12,2127,2151,0,2475
2000-01-11,1169,"New York, NY",SJU,"San Juan, PR",1950,1954,35,4,49,39,0,1597
2000-01-23,133,"New York, NY",LAX,"Los Angeles, CA",1615,1618,1910,3,1932,1913,0,2475
2000-01-12,33,"New York, NY",LAX,"Los Angeles, CA",800,755,1114,3,1125,1117,0,2475
2000-01-23,19,"New York, NY",LAX,"Los Angeles, CA",1030,1028,1328,4,1350,1332,0,2475
2000-01-03,29,"New York, NY",LAX,"Los Angeles, CA",2000,2000,2311,6,2312,2317,0,2475
2000-01-20,1165,"New York, NY",MIA,"Miami, FL",915,910,1235,5,1230,1240,0,1090
2000-01-22,699,"New York, NY",SJU,"San Juan, PR",700,712,1139,6,1159,1145,0,1597
2000-01-01,21,"New York, NY",LAX,"Los Angeles, CA",1800,1759,2055,3,2127,2058,0,2475
2000-01-15,127,"New York, NY",SAN,"San Diego, CA",1730,1726,2017,2,2047,2019,0,2446
2000-01-31,199,"New York, NY",LAX,"Los Angeles, CA",1700,,,,2017,,1,2475
2000-01-05,1972,"New York, NY",BOS,"Boston, MA",735,731,829,6,847,835,0,187
2000-01-01,133,"New York, NY",LAX,"Los Angeles, CA",1615,1613,1906,6,1932,1912,0,2475
2000-01-29,917,"New York, NY",MIA,"Miami, FL",1150,1154,1442,4,1501,1446,0,1090
2000-01-02,15,"New York, NY",SFO,"San Francisco, CA",1100,1055,1419,6,1436,1425,0,2586
2000-01-03,655,"New York, NY",STT,"Charlotte Amalie, VI",800,752,1221,3,1301,1224,0,1623
2000-01-18,65,"New York, NY",SFO,"San Francisco, CA",1530,1533,1852,5,1907,1857,0,2586
2000-01-09,1972,"New York, NY",BOS,"Boston, MA",735,745,838,4,847,842,0,187
2000-01-05,199,"New York, NY",LAX,"Los Angeles, CA",1700,1658,1949,4,2019,1953,0,2475
2000-01-17,989,"New York, NY",MIA,"Miami, FL",630,641,927,8,942,935,0,1090
2000-01-06,127,"New York, NY",SAN,"San Diego, CA",1730,1743,2035,3,2047,2038,0,2446
2000-01-21,117,"New York, NY",LAX,"Los Angeles, CA",1500,1501,1826,10,1818,1836,0,2475
2000-01-10,177,"New York, NY",SFO,"San Francisco, CA",1845,1936,2315,6,2231,2321,0,2586
2000-01-13,655,"New York, NY",STT,"Charlotte Amalie, VI",800,801,1239,3,1301,1242,0,1623
2000-01-11,1165,"New York, NY",MIA,"Miami, FL",915,913,1208,4,1230,1212,0,1090
2000-01-10,3,"New York, NY",LAX,"Los Angeles, CA",1200,1155,1506,9,1520,1515,0,2475
2000-01-03,989,"New York, NY",MIA,"Miami, FL",630,630,916,7,942,923,0,1090
2000-01-27,65,"New York, NY",SFO,"San Francisco, CA",1530,1531,1835,4,1907,1839,0,2586
2000-01-08,45,"New York, NY",SFO,"San Francisco, CA",1700,1714,2026,3,2038,2029,0,2586
2000-01-12,1972,"New York, NY",BOS,"Boston, MA",735,738,834,6,847,840,0,187
2000-01-15,133,"New York, NY",LAX,"Los Angeles, CA",1615,1615,1847,3,1932,1850,0,2475
2000-01-20,1397,"New York, NY",MIA,"Miami, FL",1445,1503,1828,6,1808,1834,0,1090
2000-01-28,177,"New York, NY",SFO,"San Francisco, CA",1845,1846,2145,28,2231,2213,0,2586
2000-01-12,1169,"New York, NY",SJU,"San Juan, PR",1950,1951,14,4,49,18,0,1597
2000-01-11,1473,"New York, NY",SJU,"San Juan, PR",1130,1130,1603,5,1629,1608,0,1597
2000-01-04,677,"New York, NY",SJU,"San Juan, PR",610,603,1037,5,1114,1042,0,1597
2000-01-25,655,"New York, NY",STT,"Charlotte Amalie, VI",800,,,,1301,,1,1623
2000-01-22,127,"New York, NY",SAN,"San Diego, CA",1730,1730,2031,3,2047,2034,0,2446
2000-01-30,989,"New York, NY",MIA,"Miami, FL",630,629,929,4,942,933,0,1090
2000-01-22,1165,"New York, NY",MIA,"Miami, FL",915,915,1227,3,1230,1230,0,1090
2000-01-12,647,"New York, NY",SJU,"San Juan, PR",1530,1530,2016,7,2019,2023,0,1597
2000-01-13,21,"New York, NY",LAX,"Los Angeles, CA",1800,1806,2113,4,2127,2117,0,2475
2000-01-25,117,"New York, NY",LAX,"Los Angeles, CA",1500,,,,1818,,1,2475
2000-01-28,2397,"New York, NY",MIA,"Miami, FL",1930,1935,2230,5,2252,2235,0,1090
2000-01-27,199,"New York, NY",LAX,"Los Angeles, CA",1700,1703,1951,12,2019,2003,0,2475
2000-01-06,33,"New York, NY",LAX,"Los Angeles, CA",800,809,1119,9,1125,1128,0,2475
2000-01-10,1397,"New York, NY",MIA,"Miami, FL",1445,1446,1750,6,1808,1756,0,1090
2000-01-03,185,"New York, NY",LAX,"Los Angeles, CA",1900,1901,2206,4,2221,2210,0,2475
2000-01-19,655,"New York, NY",STT,"Charlotte Amalie, VI",800,818,1252,3,1301,1255,0,1623
2000-01-23,199,"New York, NY",LAX,"Los Angeles, CA",1700,,,,2019,,1,2475
2000-01-14,1453,"New York, NY",SJU,"San Juan, PR",2135,2143,212,5,228,217,0,1597
2000-01-02,19,"New York, NY",LAX,"Los Angeles, CA",1030,1030,1341,4,1350,1345,0,2475
2000-01-26,45,"New York, NY",SFO,"San Francisco, CA",1700,1712,2020,5,2038,2025,0,2586
2000-01-01,127,"New York, NY",SAN,"San Diego, CA",1730,1734,2040,2,2047,2042,0,2446
2000-01-24,655,"New York, NY",STT,"Charlotte Amalie, VI",800,757,1255,3,1301,1258,0,1623
2000-01-16,1473,"New York, NY",SJU,"San Juan, PR",1130,1517,1949,4,1629,1953,0,1597
2000-01-20,15,"New York, NY",SFO,"San Francisco, CA",1100,1105,1524,3,1436,1527,0,2586
2000-01-27,185,"New York, NY",LAX,"Los Angeles, CA",1900,1901,2203,4,2221,2207,0,2475
2000-01-05,1473,"New York, NY",SJU,"San Juan, PR",1130,1130,1606,7,1629,1613,0,1597
2000-01-21,29,"New York, NY",LAX,"Los Angeles, CA",2000,11,334,7,2312,341,0,2475
2000-01-04,699,"New York, NY",SJU,"San Juan, PR",700,703,1139,3,1159,1142,0,1597
2000-01-25,1453,"New York, NY",SJU,"San Juan, PR",2135,,,,228,,1,1597
2000-01-31,1473,"New York, NY",SJU,"San Juan, PR",1130,1130,1620,3,1626,1623,0,1597
2000-01-25,133,"New York, NY",LAX,"Los Angeles, CA",1615,,,,1932,,1,2475
2000-01-20,989,"New York, NY",MIA,"Miami, FL",630,626,933,6,942,939,0,1090
2000-01-11,29,"New York, NY",LAX,"Los Angeles, CA",2000,1957,2254,5,2312,2259,0,2475
2000-01-15,699,"New York, NY",SJU,"San Juan, PR",700,700,1122,3,1159,1125,0,1597
2000-01-30,699,"New York, NY",SJU,"San Juan, PR",700,701,1136,20,1159,1156,0,1597
2000-01-24,199,"New York, NY",LAX,"Los Angeles, CA",1700,1657,1952,5,2019,1957,0,2475
2000-01-21,1473,"New York, NY",SJU,"San Juan, PR",1130,1127,1648,9,1629,1657,0,1597
2000-01-08,177,"New York, NY",SFO,"San Francisco, CA",1845,1840,2208,8,2231,2216,0,2586
2000-01-01,699,"New York, NY",SJU,"San Juan, PR",700,657,1133,3,1159,1136,0,1597
2000-01-31,655,"New York, NY",STT,"Charlotte Amalie, VI",800,758,1259,2,1254,1301,0,1623
2000-01-21,177,"New York, NY",SFO,"San Francisco, CA",1845,1848,2220,5,2231,2225,0,2586
2000-01-13,989,"New York, NY",MIA,"Miami, FL",630,632,915,9,942,924,0,1090
2000-01-22,133,"New York, NY",LAX,"Los Angeles, CA",1615,1615,1918,5,1932,1923,0,2475
2000-01-01,647,"New York, NY",SJU,"San Juan, PR",1530,1532,2005,3,2019,2008,0,1597
2000-01-10,231,"New York, NY",SJC,"San Jose, CA",1800,1853,2217,3,2139,2220,0,2570
2000-01-25,647,"New York, NY",SJU,"San Juan, PR",1530,,,,2019,,1,1597
2000-01-07,2111,"New York, NY",MIA,"Miami, FL",1818,1922,2232,5,2130,2237,0,1090
2000-01-06,677,"New York, NY",SJU,"San Juan, PR",610,608,1030,17,1114,1047,0,1597
2000-01-23,65,"New York, NY",SFO,"San Francisco, CA",1530,1533,1909,7,1907,1916,0,2586
2000-01-28,33,"New York, NY",LAX,"Los Angeles, CA",800,,,,1125,,1,2475
2000-01-30,15,"New York, NY",SFO,"San Francisco, CA",1100,1100,1345,5,1436,1350,0,2586
2000-01-07,1169,"New York, NY",SJU,"San Juan, PR",1950,1958,10,5,49,15,0,1597
2000-01-04,647,"New York, NY",SJU,"San Juan, PR",1530,1540,2019,4,2019,2023,0,1597
2000-01-27,231,"New York, NY",SJC,"San Jose, CA",1800,1757,2127,3,2139,2130,0,2570
2000-01-27,655,"New York, NY",STT,"Charlotte Amalie, VI",800,1015,1454,2,1301,1456,0,1623
2000-01-24,177,"New York, NY",SFO,"San Francisco, CA",1845,,,,2231,,1,2586
2000-01-25,1165,"New York, NY",MIA,"Miami, FL",915,1009,1428,4,1230,1432,0,1090
2000-01-03,3,"New York, NY",LAX,"Los Angeles, CA",1200,1209,1511,3,1520,1514,0,2475
2000-01-12,19,"New York, NY",LAX,"Los Angeles, CA",1030,1028,1326,7,1350,1333,0,2475
2000-01-01,59,"New York, NY",SFO,"San Francisco, CA",800,756,1126,5,1134,1131,0,2586
2000-01-17,1972,"New York, NY",BOS,"Boston, MA",735,747,854,8,847,902,0,187
2000-01-24,1972,"New York, NY",BOS,"Boston, MA",735,741,850,4,847,854,0,187
2000-01-07,1,"New York, NY",LAX,"Los Angeles, CA",900,902,1157,14,1212,1211,0,2475
2000-01-05,117,"New York, NY",LAX,"Los Angeles, CA",1500,1458,1749,14,1818,1803,0,2475
2000-01-20,2111,"New York, NY",MIA,"Miami, FL",1818,1837,16,19,2130,35,0,1090
2000-01-26,21,"New York, NY",LAX,"Los Angeles, CA",1800,1840,2128,7,2127,2135,0,2475
2000-01-08,989,"New York, NY",MIA,"Miami, FL",630,639,928,7,942,935,0,1090
2000-01-20,1972,"New York, NY",BOS,"Boston, MA",735,733,824,15,847,839,0,187
2000-01-06,1453,"New York, NY",SJU,"San Juan, PR",2135,2209,241,7,228,248,0,1597
2000-01-10,127,"New York, NY",SAN,"San Diego, CA",1730,1813,2101,2,2047,2103,0,2446
2000-01-22,65,"New York, NY",SFO,"San Francisco, CA",1530,1527,1908,4,1907,1912,0,2586
2000-01-09,33,"New York, NY",LAX,"Los Angeles, CA",800,803,1047,6,1125,1053,0,2475
2000-01-23,185,"New York, NY",LAX,"Los Angeles, CA",1900,,,,2221,,1,2475
2000-01-22,917,"New York, NY",MIA,"Miami, FL",1150,1155,1446,5,1501,1451,0,1090
2000-01-02,177,"New York, NY",SFO,"San Francisco, CA",1845,1845,2212,7,2231,2219,0,2586
2000-01-20,65,"New York, NY",SFO,"San Francisco, CA",1530,1528,1936,5,1907,1941,0,2586
2000-01-04,45,"New York, NY",SFO,"San Francisco, CA",1700,1708,2028,5,2038,2033,0,2586
2000-01-26,989,"New York, NY",MIA,"Miami, FL",630,702,1028,8,942,1036,0,1090
2000-01-09,231,"New York, NY",SJC,"San Jose, CA",1800,1759,2135,3,2139,2138,0,2570
2000-01-24,647,"New York, NY",SJU,"San Juan, PR",1530,1526,2020,4,2019,2024,0,1597
2000-01-15,1453,"New York, NY",SJU,"San Juan, PR",2135,2133,152,7,229,159,0,1597
2000-01-14,677,"New York, NY",SJU,"San Juan, PR",610,609,1043,23,1114,1106,0,1597
2000-01-09,127,"New York, NY",SAN,"San Diego, CA",1730,1732,2026,2,2047,2028,0,2446
2000-01-23,1397,"New York, NY",MIA,"Miami, FL",1445,1448,1815,10,1808,1825,0,1090
2000-01-02,65,"New York, NY",SFO,"San Francisco, CA",1530,1532,1914,5,1907,1919,0,2586
2000-01-22,29,"New York, NY",LAX,"Los Angeles, CA",2000,2109,24,5,2312,29,0,2475
2000-01-12,201,"New York, NY",LAX,"Los Angeles, CA",700,658,1021,5,1022,1026,0,2475
2000-01-01,1,"New York, NY",LAX,"Los Angeles, CA",900,859,1207,6,1212,1213,0,2475
2000-01-26,199,"New York, NY",LAX,"Los Angeles, CA",1700,1704,1933,3,2019,1936,0,2475
2000-01-23,699,"New York, NY",SJU,"San Juan, PR",700,702,1154,4,1159,1158,0,1597
2000-01-14,2111,"New York, NY",MIA,"Miami, FL",1818,1822,2107,2,2130,2109,0,1090
2000-01-22,33,"New York, NY",LAX,"Los Angeles, CA",800,818,1133,21,1125,1154,0,2475
2000-01-02,1,"New York, NY",LAX,"Los Angeles, CA",900,855,1201,4,1212,1205,0,2475
2000-01-09,105,"New York, NY",DFW,"Dallas/Fort Worth, TX",1810,1813,2117,8,2117,2125,0,1391
2000-01-01,231,"New York, NY",SJC,"San Jose, CA",1800,1754,2147,4,2137,2151,0,2570
2000-01-13,45,"New York, NY",SFO,"San Francisco, CA",1700,1701,2054,5,2038,2059,0,2586
2000-01-17,699,"New York, NY",SJU,"San Juan, PR",700,723,1149,8,1159,1157,0,1597
2000-01-10,45,"New York, NY",SFO,"San Francisco, CA",1700,1700,2059,6,2038,2105,0,2586
2000-01-21,699,"New York, NY",SJU,"San Juan, PR",700,701,1147,8,1159,1155,0,1597
2000-01-26,699,"New York, NY",SJU,"San Juan, PR",700,737,1433,5,1159,1438,0,1597
2000-01-03,199,"New York, NY",LAX,"Los Angeles, CA",1700,1702,2009,1,2019,2010,0,2475
2000-01-11,647,"New York, NY",SJU,"San Juan, PR",1530,1849,2324,5,2019,2329,0,1597
2000-01-16,1972,"New York, NY",BOS,"Boston, MA",735,735,842,7,847,849,0,187
2000-01-15,655,"New York, NY",STT,"Charlotte Amalie, VI",800,759,1228,3,1301,1231,0,1623
2000-01-31,2111,"New York, NY",MIA,"Miami, FL",1814,1815,2149,5,2135,2154,0,1090
2000-01-14,917,"New York, NY",MIA,"Miami, FL",1150,1207,1444,3,1501,1447,0,1090
2000-01-29,1453,"New York, NY",SJU,"San Juan, PR",2135,2212,244,6,229,250,0,1597
2000-01-18,117,"New York, NY",LAX,"Los Angeles, CA",1500,1501,1804,8,1818,1812,0,2475
2000-01-23,655,"New York, NY",STT,"Charlotte Amalie, VI",800,758,1238,3,1301,1241,0,1623
2000-01-15,1169,"New York, NY",SJU,"San Juan, PR",1950,2034,53,6,49,59,0,1597
2000-01-10,1453,"New York, NY",SJU,"San Juan, PR",2135,2138,312,7,228,319,0,1597
2000-01-24,59,"New York, NY",SFO,"San Francisco, CA",800,759,1157,3,1134,1200,0,2586
2000-01-22,1,"New York, NY",LAX,"Los Angeles, CA",900,859,1206,4,1212,1210,0,2475
2000-01-19,185,"New York, NY",LAX,"Los Angeles, CA",1900,1858,2218,26,2221,2244,0,2475
2000-01-12,59,"New York, NY",SFO,"San Francisco, CA",800,758,1220,4,1134,1224,0,2586
2000-01-13,29,"New York, NY",LAX,"Los Angeles, CA",2000,2131,45,7,2312,52,0,2475
2000-01-16,1397,"New York, NY",MIA,"Miami, FL",1445,1516,1809,6,1808,1815,0,1090
2000-01-08,1,"New York, NY",LAX,"Los Angeles, CA",900,900,1155,6,1212,1201,0,2475
2000-01-31,231,"New York, NY",SJC,"San Jose, CA",1800,1800,2137,5,2128,2142,0,2570
2000-01-25,21,"New York, NY",LAX,"Los Angeles, CA",1800,,,,2127,,1,2475
2000-01-04,65,"New York, NY",SFO,"San Francisco, CA",1530,1538,1908,4,1907,1912,0,2586
2000-01-28,2111,"New York, NY",MIA,"Miami, FL",1818,1822,2131,2,2130,2133,0,1090
2000-01-14,15,"New York, NY",SFO,"San Francisco, CA",1100,1103,1437,5,1436,1442,0,2586
2000-01-16,2111,"New York, NY",MIA,"Miami, FL",1818,1824,2120,16,2130,2136,0,1090
2000-01-01,45,"New York, NY",SFO,"San Francisco, CA",1700,1654,2014,7,2038,2021,0,2586
2000-01-23,1,"New York, NY",LAX,"Los Angeles, CA",900,900,1206,9,1212,1215,0,2475
2000-01-18,655,"New York, NY",STT,"Charlotte Amalie, VI",800,755,1225,4,1301,1229,0,1623
2000-01-15,231,"New York, NY",SJC,"San Jose, CA",1800,,,,2139,,1,2570
2000-01-19,3,"New York, NY",LAX,"Los Angeles, CA",1200,1203,1525,6,1520,1531,0,2475
2000-01-16,127,"New York, NY",SAN,"San Diego, CA",1730,1726,2030,2,2047,2032,0,2446
2000-01-09,21,"New York, NY",LAX,"Los Angeles, CA",1800,1800,2102,5,2127,2107,0,2475
2000-01-17,19,"New York, NY",LAX,"Los Angeles, CA",1030,1031,1321,5,1350,1326,0,2475
2000-01-08,19,"New York, NY",LAX,"Los Angeles, CA",1030,1023,1311,3,1350,1314,0,2475
2000-01-27,105,"New York, NY",DFW,"Dallas/Fort Worth, TX",1810,,,,2117,,1,1391
2000-01-07,15,"New York, NY",SFO,"San Francisco, CA",1100,1129,1437,3,1436,1440,0,2586
2000-01-30,59,"New York, NY",SFO,"San Francisco, CA",800,757,1110,11,1134,1121,0,2586
2000-01-27,1972,"New York, NY",BOS,"Boston, MA",735,735,844,8,847,852,0,187
2000-01-22,177,"New York, NY",SFO,"San Francisco, CA",1845,1904,2242,4,2231,2246,0,2586
2000-01-19,29,"New York, NY",LAX,"Los Angeles, CA",2000,1958,2311,10,2312,2321,0,2475
2000-01-12,3,"New York, NY",LAX,"Los Angeles, CA",1200,1155,1526,3,1520,1529,0,2475
2000-01-17,1397,"New York, NY",MIA,"Miami, FL",1445,1451,1738,27,1808,1805,0,1090
2000-01-09,917,"New York, NY",MIA,"Miami, FL",1150,1539,1830,8,1501,1838,0,1090
2000-01-27,1473,"New York, NY",SJU,"San Juan, PR",1130,1128,1655,9,1629,1704,0,1597
2000-01-31,917,"New York, NY",MIA,"Miami, FL",1150,1146,1519,9,1500,1528,0,1090
2000-01-06,655,"New York, NY",STT,"Charlotte Amalie, VI",800,826,1300,5,1301,1305,0,1623
2000-01-01,1169,"New York, NY",SJU,"San Juan, PR",1950,2042,109,4,49,113,0,1597
2000-01-26,1473,"New York, NY",SJU,"San Juan, PR",1130,1130,1959,9,1629,2008,0,1597
2000-01-06,231,"New York, NY",SJC,"San Jose, CA",1800,1759,2126,3,2139,2129,0,2570
2000-01-14,117,"New York, NY",LAX,"Los Angeles, CA",1500,1501,1818,6,1818,1824,0,2475
2000-01-20,45,"New York, NY",SFO,"San Francisco, CA",1700,1750,,,2038,,0,2586
2000-01-19,177,"New York, NY",SFO,"San Francisco, CA",1845,1923,2334,3,2231,2337,0,2586
2000-01-19,1165,"New York, NY",MIA,"Miami, FL",915,916,1156,3,1230,1159,0,1090
2000-01-18,989,"New York, NY",MIA,"Miami, FL",630,634,917,5,942,922,0,1090
2000-01-06,133,"New York, NY",LAX,"Los Angeles, CA",1615,1624,1908,9,1932,1917,0,2475
2000-01-15,105,"New York, NY",DFW,"Dallas/Fort Worth, TX",1810,1809,2119,9,2117,2128,0,1391
2000-01-30,1397,"New York, NY",MIA,"Miami, FL",1445,1453,1749,5,1808,1754,0,1090
2000-01-16,199,"New York, NY",LAX,"Los Angeles, CA",1700,1754,2113,5,2019,2118,0,2475
2000-01-14,647,"New York, NY",SJU,"San Juan, PR",1530,1530,2004,15,2019,2019,0,1597
2000-01-07,117,"New York, NY",LAX,"Los Angeles, CA",1500,1458,1758,5,1818,1803,0,2475
2000-01-19,1453,"New York, NY",SJU,"San Juan, PR",2135,2130,145,5,228,150,0,1597
2000-01-13,105,"New York, NY",DFW,"Dallas/Fort Worth, TX",1810,1810,2118,7,2117,2125,0,1391
2000-01-09,1169,"New York, NY",SJU,"San Juan, PR",1950,2003,19,4,49,23,0,1597
2000-01-21,45,"New York, NY",SFO,"San Francisco, CA",1700,1807,2152,12,2038,2204,0,2586
2000-01-28,45,"New York, NY",SFO,"San Francisco, CA",1700,1658,1940,3,2038,1943,0,2586
2000-01-11,127,"New York, NY",SAN,"San Diego, CA",1730,1731,2039,1,2047,2040,0,2446
2000-01-02,231,"New York, NY",SJC,"San Jose, CA",1800,1805,2135,3,2137,2138,0,2570
2000-01-13,917,"New York, NY",MIA,"Miami, FL",1150,1209,1501,3,1501,1504,0,1090
2000-01-21,1169,"New York, NY",SJU,"San Juan, PR",1950,2011,42,4,49,46,0,1597
2000-01-26,133,"New York, NY",LAX,"Los Angeles, CA",1615,1701,1922,13,1932,1935,0,2475
2000-01-05,917,"New York, NY",MIA,"Miami, FL",1150,1150,1504,11,1501,1515,0,1090
2000-01-12,677,"New York, NY",SJU,"San Juan, PR",610,605,1029,14,1114,1043,0,1597
2000-01-12,185,"New York, NY",LAX,"Los Angeles, CA",1900,,,,2221,,1,2475
2000-01-26,185,"New York, NY",LAX,"Los Angeles, CA",1900,1911,2208,7,2221,2215,0,2475
2000-01-05,1397,"New York, NY",MIA,"Miami, FL",1445,1456,1803,11,1808,1814,0,1090
2000-01-27,3,"New York, NY",LAX,"Los Angeles, CA",1200,1200,1509,4,1520,1513,0,2475
2000-01-07,185,"New York, NY",LAX,"Los Angeles, CA",1900,1900,2201,5,2221,2206,0,2475
2000-01-17,647,"New York, NY",SJU,"San Juan, PR",1530,1739,2201,8,2019,2209,0,1597
2000-01-11,1453,"New York, NY",SJU,"San Juan, PR",2135,2136,201,6,228,207,0,1597
2000-01-25,15,"New York, NY",SFO,"San Francisco, CA",1100,,,,1436,,1,2586
2000-01-16,1453,"New York, NY",SJU,"San Juan, PR",2135,2130,145,8,228,153,0,1597
2000-01-23,105,"New York, NY",DFW,"Dallas/Fort Worth, TX",1810,1820,2142,3,2117,2145,0,1391
2000-01-29,989,"New York, NY",MIA,"Miami, FL",630,717,1004,3,942,1007,0,1090
2000-01-11,231,"New York, NY",SJC,"San Jose, CA",1800,1757,2215,2,2139,2217,0,2570
2000-01-07,201,"New York, NY",LAX,"Los Angeles, CA",700,705,1007,8,1022,1015,0,2475
2000-01-19,1473,"New York, NY",SJU,"San Juan, PR",1130,1131,1548,4,1629,1552,0,1597
2000-01-10,989,"New York, NY",MIA,"Miami, FL",630,622,935,5,942,940,0,1090
2000-01-21,65,"New York, NY",SFO,"San Francisco, CA",1530,1612,2011,3,1907,2014,0,2586
2000-01-11,989,"New York, NY",MIA,"Miami, FL",630,626,930,4,942,934,0,1090
2000-01-13,1473,"New York, NY",SJU,"San Juan, PR",1130,1128,1610,19,1629,1629,0,1597
2000-01-08,917,"New York, NY",MIA,"Miami, FL",1150,1148,1437,5,1501,1442,0,1090
2000-01-15,59,"New York, NY",SFO,"San Francisco, CA",800,804,1128,6,1134,1134,0,2586
2000-01-24,2111,"New York, NY",MIA,"Miami, FL",1818,1819,2133,7,2130,2140,0,1090
2000-01-26,1453,"New York, NY",SJU,"San Juan, PR",2135,2153,313,5,228,318,0,1597
2000-01-26,647,"New York, NY",SJU,"San Juan, PR",1530,1541,2136,6,2019,2142,0,1597
2000-01-04,199,"New York, NY",LAX,"Los Angeles, CA",1700,1706,1956,6,2019,2002,0,2475
2000-01-23,1165,"New York, NY",MIA,"Miami, FL",915,913,1221,3,1230,1224,0,1090
2000-01-11,2111,"New York, NY",MIA,"Miami, FL",1818,1900,2157,6,2130,2203,0,1090
2000-01-18,21,"New York, NY",LAX,"Los Angeles, CA",1800,1758,2059,10,2127,2109,0,2475
2000-01-26,105,"New York, NY",DFW,"Dallas/Fort Worth, TX",1810,1809,2056,14,2117,2110,0,1391
2000-01-04,231,"New York, NY",SJC,"San Jose, CA",1800,1802,2127,4,2137,2131,0,2570
2000-01-11,133,"New York, NY",LAX,"Los Angeles, CA",1615,,,,1932,,1,2475
2000-01-29,655,"New York, NY",STT,"Charlotte Amalie, VI",800,759,1239,3,1301,1242,0,1623
2000-01-31,185,"New York, NY",LAX,"Los Angeles, CA",1900,1901,2154,9,2221,2203,0,2475
2000-01-21,185,"New York, NY",LAX,"Los Angeles, CA",1900,1944,2249,13,2221,2302,0,2475
2000-01-12,989,"New York, NY",MIA,"Miami, FL",630,628,916,8,942,924,0,1090
2000-01-25,177,"New York, NY",SFO,"San Francisco, CA",1845,,,,2231,,1,2586
2000-01-02,133,"New York, NY",LAX,"Los Angeles, CA",1615,1615,1940,7,1932,1947,0,2475
2000-01-13,133,"New York, NY",LAX,"Los Angeles, CA",1615,1623,2026,7,1932,2033,0,2475
2000-01-23,647,"New York, NY",SJU,"San Juan, PR",1530,1530,1957,5,2019,2002,0,1597
2000-01-12,177,"New York, NY",SFO,"San Francisco, CA",1845,1843,2235,5,2231,2240,0,2586
2000-01-24,1165,"New York, NY",MIA,"Miami, FL",915,916,1315,9,1230,1324,0,1090
2000-01-02,1473,"New York, NY",SJU,"San Juan, PR",1130,1125,1542,5,1629,1547,0,1597
2000-01-13,19,"New York, NY",LAX,"Los Angeles, CA",1030,1030,1348,12,1350,1400,0,2475
2000-01-17,45,"New York, NY",SFO,"San Francisco, CA",1700,1659,2053,3,2038,2056,0,2586
2000-01-16,19,"New York, NY",LAX,"Los Angeles, CA",1030,1045,1354,6,1350,1400,0,2475
2000-01-04,989,"New York, NY",MIA,"Miami, FL",630,630,916,7,942,923,0,1090
2000-01-27,127,"New York, NY",SAN,"San Diego, CA",1730,1730,2022,1,2047,2023,0,2446
2000-01-05,201,"New York, NY",LAX,"Los Angeles, CA",700,701,948,5,1022,953,0,2475
2000-01-22,105,"New York, NY",DFW,"Dallas/Fort Worth, TX",1810,1947,2239,4,2117,2243,0,1391
2000-01-29,1169,"New York, NY",SJU,"San Juan, PR",1950,1946,24,10,49,34,0,1597
2000-01-22,1972,"New York, NY",BOS,"Boston, MA",735,748,844,9,847,853,0,187
2000-01-17,1453,"New York, NY",SJU,"San Juan, PR",2135,2237,254,6,228,300,0,1597
2000-01-05,177,"New York, NY",SFO,"San Francisco, CA",1845,1844,2156,24,2231,2220,0,2586
2000-01-05,1,"New York, NY",LAX,"Los Angeles, CA",900,958,1249,6,1212,1255,0,2475
2000-01-03,1169,"New York, NY",SJU,"San Juan, PR",1950,1948,120,7,49,127,0,1597
2000-01-13,699,"New York, NY",SJU,"San Juan, PR",700,659,1129,10,1159,1139,0,1597
2000-01-01,655,"New York, NY",STT,"Charlotte Amalie, VI",800,758,1247,4,1301,1251,0,1623
2000-01-17,185,"New York, NY",LAX,"Los Angeles, CA",1900,,,,2221,,1,2475
2000-01-12,917,"New York, NY",MIA,"Miami, FL",1150,1246,1522,10,1501,1532,0,1090
2000-01-20,3,"New York, NY",LAX,"Los Angeles, CA",1200,1205,1610,11,1520,1621,0,2475
2000-01-30,1972,"New York, NY",BOS,"Boston, MA",735,744,849,6,847,855,0,187
2000-01-12,1453,"New York, NY",SJU,"San Juan, PR",2135,2131,148,4,228,152,0,1597
2000-01-05,989,"New York, NY",MIA,"Miami, FL",630,638,940,9,942,949,0,1090
2000-01-26,3,"New York, NY",LAX,"Los Angeles, CA",1200,1444,1830,6,1520,1836,0,2475
2000-01-06,917,"New York, NY",MIA,"Miami, FL",1150,1800,2110,5,1501,2115,0,1090
2000-01-16,59,"New York, NY",SFO,"San Francisco, CA",800,808,1203,5,1134,1208,0,2586
2000-01-23,117,"New York, NY",LAX,"Los Angeles, CA",1500,1502,1806,10,1818,1816,0,2475
2000-01-12,199,"New York, NY",LAX,"Los Angeles, CA",1700,1659,1957,6,2019,2003,0,2475
2000-01-19,231,"New York, NY",SJC,"San Jose, CA",1800,1811,2223,7,2139,2230,0,2570
2000-01-16,1,"New York, NY",LAX,"Los Angeles, CA",900,856,1154,15,1212,1209,0,2475
2000-01-09,677,"New York, NY",SJU,"San Juan, PR",610,606,1038,44,1114,1122,0,1597
2000-01-02,105,"New York, NY",DFW,"Dallas/Fort Worth, TX",1810,1810,2113,7,2117,2120,0,1391
2000-01-21,1397,"New York, NY",MIA,"Miami, FL",1445,1458,1756,6,1808,1802,0,1090
2000-01-09,59,"New York, NY",SFO,"San Francisco, CA",800,800,1115,5,1134,1120,0,2586
2000-01-12,21,"New York, NY",LAX,"Los Angeles, CA",1800,1801,2148,5,2127,2153,0,2475
2000-01-19,2111,"New York, NY",MIA,"Miami, FL",1818,1857,2157,13,2130,2210,0,1090
2000-01-31,127,"New York, NY",SAN,"San Diego, CA",1730,1729,2002,2,2029,2004,0,2446
2000-01-08,105,"New York, NY",DFW,"Dallas/Fort Worth, TX",1810,1811,2106,10,2117,2116,0,1391
2000-01-05,33,"New York, NY",LAX,"Los Angeles, CA",800,759,1100,3,1125,1103,0,2475
2000-01-07,127,"New York, NY",SAN,"San Diego, CA",1730,1733,2035,3,2047,2038,0,2446
2000-01-13,231,"New York, NY",SJC,"San Jose, CA",1800,1804,2222,6,2139,2228,0,2570
2000-01-16,133,"New York, NY",LAX,"Los Angeles, CA",1615,1632,1939,3,1932,1942,0,2475
2000-01-18,19,"New York, NY",LAX,"Los Angeles, CA",1030,1030,1355,5,1350,1400,0,2475
2000-01-30,127,"New York, NY",SAN,"San Diego, CA",1730,1728,2011,2,2047,2013,0,2446
2000-01-12,117,"New York, NY",LAX,"Los Angeles, CA",1500,1503,1815,4,1818,1819,0,2475
2000-01-12,2111,"New York, NY",MIA,"Miami, FL",1818,1819,2125,4,2130,2129,0,1090
2000-01-21,1,"New York, NY",LAX,"Los Angeles, CA",900,900,1216,9,1212,1225,0,2475
2000-01-22,1473,"New York, NY",SJU,"San Juan, PR",1130,1150,1628,5,1629,1633,0,1597
2000-01-30,1165,"New York, NY",MIA,"Miami, FL",915,911,1218,4,1230,1222,0,1090
2000-01-10,699,"New York, NY",SJU,"San Juan, PR",700,707,1135,11,1159,1146,0,1597
2000-01-11,59,"New York, NY",SFO,"San Francisco, CA",800,758,1146,16,1134,1202,0,2586
2000-01-25,3,"New York, NY",LAX,"Los Angeles, CA",1200,,,,1520,,1,2475
2000-01-10,1473,"New York, NY",SJU,"San Juan, PR",1130,1125,1609,5,1629,1614,0,1597
2000-01-06,3,"New York, NY",LAX,"Los Angeles, CA",1200,1202,1456,4,1520,1500,0,2475
2000-01-08,1165,"New York, NY",MIA,"Miami, FL",915,911,1204,4,1230,1208,0,1090
2000-01-02,117,"New York, NY",LAX,"Los Angeles, CA",1500,1500,1802,5,1818,1807,0,2475
2000-01-09,647,"New York, NY",SJU,"San Juan, PR",1530,1534,1959,5,2019,2004,0,1597
2000-01-27,699,"New York, NY",SJU,"San Juan, PR",700,718,1201,5,1159,1206,0,1597
2000-01-29,647,"New York, NY",SJU,"San Juan, PR",1530,1530,2016,5,2019,2021,0,1597
2000-01-11,199,"New York, NY",LAX,"Los Angeles, CA",1700,1703,1948,4,2019,1952,0,2475
2000-01-29,65,"New York, NY",SFO,"San Francisco, CA",1530,1525,1823,6,1907,1829,0,2586
2000-01-01,989,"New York, NY",MIA,"Miami, FL",630,717,958,6,942,1004,0,1090
2000-01-20,127,"New York, NY",SAN,"San Diego, CA",1730,1730,2120,3,2047,2123,0,2446
2000-01-08,201,"New York, NY",LAX,"Los Angeles, CA",700,657,943,6,1022,949,0,2475
2000-01-29,19,"New York, NY",LAX,"Los Angeles, CA",1030,1028,1301,4,1350,1305,0,2475
2000-01-10,133,"New York, NY",LAX,"Los Angeles, CA",1615,1630,1935,8,1932,1943,0,2475
2000-01-29,231,"New York, NY",SJC,"San Jose, CA",1800,1802,2110,7,2139,2117,0,2570
2000-01-22,1169,"New York, NY",SJU,"San Juan, PR",1950,2016,50,5,49,55,0,1597
2000-01-09,117,"New York, NY",LAX,"Los Angeles, CA",1500,1459,1757,8,1818,1805,0,2475
2000-01-14,1972,"New York, NY",BOS,"Boston, MA",735,736,852,16,847,908,0,187
2000-01-31,65,"New York, NY",SFO,"San Francisco, CA",1530,1529,1904,8,1851,1912,0,2586
2000-01-02,699,"New York, NY",SJU,"San Juan, PR",700,659,1117,25,1159,1142,0,1597
2000-01-06,1,"New York, NY",LAX,"Los Angeles, CA",900,858,1155,15,1212,1210,0,2475
2000-01-02,185,"New York, NY",LAX,"Los Angeles, CA",1900,1913,2224,6,2221,2230,0,2475
2000-01-18,15,"New York, NY",SFO,"San Francisco, CA",1100,1055,1437,6,1436,1443,0,2586
2000-01-28,105,"New York, NY",DFW,"Dallas/Fort Worth, TX",1810,1824,2108,8,2117,2116,0,1391
2000-01-17,917,"New York, NY",MIA,"Miami, FL",1150,1155,1433,8,1501,1441,0,1090
2000-01-20,699,"New York, NY",SJU,"San Juan, PR",700,725,1219,7,1159,1226,0,1597
2000-01-30,1453,"New York, NY",SJU,"San Juan, PR",2135,,,,228,,1,1597
2000-01-26,127,"New York, NY",SAN,"San Diego, CA",1730,1744,2030,2,2047,2032,0,2446
2000-01-18,1453,"New York, NY",SJU,"San Juan, PR",2135,2124,151,6,228,157,0,1597
2000-01-26,677,"New York, NY",SJU,"San Juan, PR",610,,,,1114,,1,1597
2000-01-19,59,"New York, NY",SFO,"San Francisco, CA",800,805,1215,5,1134,1220,0,2586
2000-01-28,1,"New York, NY",LAX,"Los Angeles, CA",900,949,1226,13,1212,1239,0,2475
2000-01-22,117,"New York, NY",LAX,"Los Angeles, CA",1500,1500,1809,5,1818,1814,0,2475
2000-01-14,989,"New York, NY",MIA,"Miami, FL",630,633,935,4,942,939,0,1090
2000-01-08,29,"New York, NY",LAX,"Los Angeles, CA",2000,1959,2255,8,2312,2303,0,2475
2000-01-31,1169,"New York, NY",SJU,"San Juan, PR",2015,2017,105,4,110,109,0,1597
2000-01-31,1,"New York, NY",LAX,"Los Angeles, CA",900,858,1134,6,1209,1140,0,2475
2000-01-15,33,"New York, NY",LAX,"Los Angeles, CA",800,829,1105,12,1125,1117,0,2475
2000-01-20,199,"New York, NY",LAX,"Los Angeles, CA",1700,,,,2019,,1,2475
2000-01-31,133,"New York, NY",LAX,"Los Angeles, CA",1615,1614,1901,6,1925,1907,0,2475
2000-01-28,185,"New York, NY",LAX,"Los Angeles, CA",1900,,,,2221,,1,2475
2000-01-25,2111,"New York, NY",MIA,"Miami, FL",1818,,,,2130,,1,1090
2000-01-11,699,"New York, NY",SJU,"San Juan, PR",700,702,1149,4,1159,1153,0,1597
2000-01-13,201,"New York, NY",LAX,"Los Angeles, CA",700,711,,,1022,,0,2475
2000-01-30,133,"New York, NY",LAX,"Los Angeles, CA",1615,1629,1909,11,1932,1920,0,2475
2000-01-22,45,"New York, NY",SFO,"San Francisco, CA",1700,1706,2028,6,2038,2034,0,2586
2000-01-21,2111,"New York, NY",MIA,"Miami, FL",1818,1818,2141,6,2130,2147,0,1090
2000-01-06,699,"New York, NY",SJU,"San Juan, PR",700,657,1119,8,1159,1127,0,1597
2000-01-27,45,"New York, NY",SFO,"San Francisco, CA",1700,1704,2008,4,2038,2012,0,2586
2000-01-26,59,"New York, NY",SFO,"San Francisco, CA",800,806,1146,3,1134,1149,0,2586
2000-01-22,231,"New York, NY",SJC,"San Jose, CA",1800,1800,2145,4,2139,2149,0,2570
2000-01-13,1397,"New York, NY",MIA,"Miami, FL",1445,1447,1805,6,1808,1811,0,1090
2000-01-16,677,"New York, NY",SJU,"San Juan, PR",610,604,1023,56,1114,1119,0,1597
2000-01-14,1165,"New York, NY",MIA,"Miami, FL",915,915,1210,8,1230,1218,0,1090
2000-01-24,19,"New York, NY",LAX,"Los Angeles, CA",1030,1032,1321,4,1350,1325,0,2475
2000-01-02,29,"New York, NY",LAX,"Los Angeles, CA",2000,,,,2312,,1,2475
2000-01-25,65,"New York, NY",SFO,"San Francisco, CA",1530,,,,1907,,1,2586
2000-01-08,647,"New York, NY",SJU,"San Juan, PR",1530,1532,2005,5,2019,2010,0,1597
2000-01-28,1397,"New York, NY",MIA,"Miami, FL",1445,1447,1805,6,1808,1811,0,1090
2000-01-09,1397,"New York, NY",MIA,"Miami, FL",1445,1445,1759,16,1808,1815,0,1090
2000-01-30,105,"New York, NY",DFW,"Dallas/Fort Worth, TX",1810,1811,2111,10,2117,2121,0,1391
2000-01-16,117,"New York, NY",LAX,"Los Angeles, CA",1500,1611,1913,6,1818,1919,0,2475
2000-01-18,917,"New York, NY",MIA,"Miami, FL",1150,1151,1436,10,1501,1446,0,1090
2000-01-18,45,"New York, NY",SFO,"San Francisco, CA",1700,1820,2208,4,2038,2212,0,2586
2000-01-24,1473,"New York, NY",SJU,"San Juan, PR",1130,1130,1618,5,1629,1623,0,1597
2000-01-14,29,"New York, NY",LAX,"Los Angeles, CA",2000,1959,2307,18,2312,2325,0,2475
2000-01-11,677,"New York, NY",SJU,"San Juan, PR",610,642,1103,3,1114,1106,0,1597
2000-01-31,29,"New York, NY",LAX,"Los Angeles, CA",2000,1959,2247,1,2310,2248,0,2475
2000-01-08,1169,"New York, NY",SJU,"San Juan, PR",1950,1950,19,7,49,26,0,1597
2000-01-26,1169,"New York, NY",SJU,"San Juan, PR",1950,2006,52,4,49,56,0,1597
2000-01-09,1473,"New York, NY",SJU,"San Juan, PR",1130,1126,1547,6,1629,1553,0,1597
2000-01-27,177,"New York, NY",SFO,"San Francisco, CA",1845,1845,2204,4,2231,2208,0,2586
2000-01-30,19,"New York, NY",LAX,"Los Angeles, CA",1030,1029,1258,16,1350,1314,0,2475
2000-01-10,59,"New York, NY",SFO,"San Francisco, CA",800,758,1139,3,1134,1142,0,2586
2000-01-17,677,"New York, NY",SJU,"San Juan, PR",610,609,1037,3,1114,1040,0,1597
2000-01-19,917,"New York, NY",MIA,"Miami, FL",1150,1254,1535,10,1501,1545,0,1090
2000-01-28,117,"New York, NY",LAX,"Los Angeles, CA",1500,1502,1752,8,1818,1800,0,2475
2000-01-10,1972,"New York, NY",BOS,"Boston, MA",735,733,827,10,847,837,0,187
2000-01-01,3,"New York, NY",LAX,"Los Angeles, CA",1200,1257,1545,5,1520,1550,0,2475
2000-01-27,59,"New York, NY",SFO,"San Francisco, CA",800,801,1106,2,1134,1108,0,2586
2000-01-24,21,"New York, NY",LAX,"Los Angeles, CA",1800,1758,2104,13,2127,2117,0,2475
2000-01-08,1473,"New York, NY",SJU,"San Juan, PR",1130,1133,1605,11,1629,1616,0,1597
2000-01-26,29,"New York, NY",LAX,"Los Angeles, CA",2000,2044,2349,25,2312,14,0,2475
2000-01-06,21,"New York, NY",LAX,"Los Angeles, CA",1800,1805,2106,5,2127,2111,0,2475
2000-01-16,105,"New York, NY",DFW,"Dallas/Fort Worth, TX",1810,1812,2111,7,2117,2118,0,1391
2000-01-04,1473,"New York, NY",SJU,"San Juan, PR",1130,1128,1645,3,1629,1648,0,1597
2000-01-23,231,"New York, NY",SJC,"San Jose, CA",1800,1759,2151,6,2139,2157,0,2570
2000-01-03,1,"New York, NY",LAX,"Los Angeles, CA",900,859,1202,9,1212,1211,0,2475
2000-01-07,19,"New York, NY",LAX,"Los Angeles, CA",1030,1031,1334,4,1350,1338,0,2475
2000-01-13,1169,"New York, NY",SJU,"San Juan, PR",1950,1953,29,4,49,33,0,1597
2000-01-21,1453,"New York, NY",SJU,"San Juan, PR",2135,2150,214,6,228,220,0,1597
2000-01-28,1972,"New York, NY",BOS,"Boston, MA",735,749,902,4,847,906,0,187
2000-01-03,917,"New York, NY",MIA,"Miami, FL",1150,1156,1449,27,1501,1516,0,1090
2000-01-07,65,"New York, NY",SFO,"San Francisco, CA",1530,1635,2010,3,1907,2013,0,2586
2000-01-29,1,"New York, NY",LAX,"Los Angeles, CA",900,900,1136,14,1212,1150,0,2475
2000-01-23,29,"New York, NY",LAX,"Los Angeles, CA",2000,2005,2315,11,2312,2326,0,2475
2000-01-17,59,"New York, NY",SFO,"San Francisco, CA",800,800,1130,3,1134,1133,0,2586
2000-01-14,1,"New York, NY",LAX,"Los Angeles, CA",900,,,,1212,,1,2475
2000-01-14,1397,"New York, NY",MIA,"Miami, FL",1445,1457,1752,10,1808,1802,0,1090
2000-01-18,185,"New York, NY",LAX,"Los Angeles, CA",1900,1859,2218,5,2221,2223,0,2475
2000-01-18,699,"New York, NY",SJU,"San Juan, PR",700,707,1123,8,1159,1131,0,1597
2000-01-05,1453,"New York, NY",SJU,"San Juan, PR",2135,2132,158,5,228,203,0,1597
2000-01-24,29,"New York, NY",LAX,"Los Angeles, CA",2000,2034,2342,8,2312,2350,0,2475
2000-01-16,655,"New York, NY",STT,"Charlotte Amalie, VI",800,804,,,1301,,0,1623
2000-01-07,45,"New York, NY",SFO,"San Francisco, CA",1700,1700,2017,4,2038,2021,0,2586
2000-01-17,231,"New York, NY",SJC,"San Jose, CA",1800,1858,2249,7,2139,2256,0,2570
2000-01-03,177,"New York, NY",SFO,"San Francisco, CA",1845,1844,2200,8,2231,2208,0,2586
2000-01-12,1,"New York, NY",LAX,"Los Angeles, CA",900,856,1206,4,1212,1210,0,2475
2000-01-16,45,"New York, NY",SFO,"San Francisco, CA",1700,1725,2048,5,2038,2053,0,2586
2000-01-29,677,"New York, NY",SJU,"San Juan, PR",610,634,1107,8,1114,1115,0,1597
2000-01-18,677,"New York, NY",SJU,"San Juan, PR",610,619,1044,4,1114,1048,0,1597
2000-01-16,177,"New York, NY",SFO,"San Francisco, CA",1845,1936,2257,12,2231,2309,0,2586
2000-01-11,1397,"New York, NY",MIA,"Miami, FL",1445,1442,1752,24,1808,1816,0,1090
2000-01-27,1169,"New York, NY",SJU,"San Juan, PR",1950,2250,347,5,49,352,0,1597
2000-01-13,65,"New York, NY",SFO,"San Francisco, CA",1530,1528,1935,2,1907,1937,0,2586
2000-01-18,133,"New York, NY",LAX,"Los Angeles, CA",1615,,,,1932,,1,2475
2000-01-04,1397,"New York, NY",MIA,"Miami, FL",1445,1508,1804,5,1808,1809,0,1090
2000-01-08,59,"New York, NY",SFO,"San Francisco, CA",800,759,1132,3,1134,1135,0,2586
2000-01-10,647,"New York, NY",SJU,"San Juan, PR",1530,1655,2144,4,2019,2148,0,1597
2000-01-25,59,"New York, NY",SFO,"San Francisco, CA",800,958,1351,5,1134,1356,0,2586
2000-01-26,117,"New York, NY",LAX,"Los Angeles, CA",1500,1515,1807,4,1818,1811,0,2475
2000-01-07,647,"New York, NY",SJU,"San Juan, PR",1530,1749,2216,10,2019,2226,0,1597
2000-01-04,917,"New York, NY",MIA,"Miami, FL",1150,1150,1508,37,1501,1545,0,1090
2000-01-14,1473,"New York, NY",SJU,"San Juan, PR",1130,1130,1607,6,1629,1613,0,1597
2000-01-08,1972,"New York, NY",BOS,"Boston, MA",735,734,827,25,847,852,0,187
2000-01-05,1169,"New York, NY",SJU,"San Juan, PR",1950,1953,17,5,49,22,0,1597
2000-01-31,3,"New York, NY",LAX,"Los Angeles, CA",1200,1345,1618,5,1508,1623,0,2475
2000-01-10,33,"New York, NY",LAX,"Los Angeles, CA",800,759,1132,3,1125,1135,0,2475
2000-01-16,647,"New York, NY",SJU,"San Juan, PR",1530,1741,2158,4,2019,2202,0,1597
2000-01-06,2111,"New York, NY",MIA,"Miami, FL",1818,1828,2122,10,2130,2132,0,1090
2000-01-16,185,"New York, NY",LAX,"Los Angeles, CA",1900,,,,2221,,1,2475
2000-01-28,21,"New York, NY",LAX,"Los Angeles, CA",1800,1836,2117,21,2127,2138,0,2475
2000-01-15,21,"New York, NY",LAX,"Los Angeles, CA",1800,1759,2111,15,2127,2126,0,2475
2000-01-29,105,"New York, NY",DFW,"Dallas/Fort Worth, TX",1810,1818,2116,6,2117,2122,0,1391
2000-01-25,127,"New York, NY",SAN,"San Diego, CA",1730,,,,2047,,1,2446
2000-01-29,29,"New York, NY",LAX,"Los Angeles, CA",2000,1959,2246,6,2312,2252,0,2475
2000-01-05,647,"New York, NY",SJU,"San Juan, PR",1530,1530,2024,8,2019,2032,0,1597
2000-01-11,117,"New York, NY",LAX,"Los Angeles, CA",1500,1500,1807,13,1818,1820,0,2475
2000-01-24,989,"New York, NY",MIA,"Miami, FL",630,630,1005,7,942,1012,0,1090
2000-01-06,989,"New York, NY",MIA,"Miami, FL",630,630,917,3,942,920,0,1090
2000-01-25,1473,"New York, NY",SJU,"San Juan, PR",1130,,,,1629,,1,1597
2000-01-30,1473,"New York, NY",SJU,"San Juan, PR",1130,1129,1557,5,1629,1602,0,1597
2000-01-04,3,"New York, NY",LAX,"Los Angeles, CA",1200,1349,1638,12,1520,1650,0,2475
2000-01-17,127,"New York, NY",SAN,"San Diego, CA",1730,1906,2221,3,2047,2224,0,2446
2000-01-19,133,"New York, NY",LAX,"Los Angeles, CA",1615,1613,1927,5,1932,1932,0,2475
2000-01-14,127,"New York, NY",SAN,"San Diego, CA",1730,1727,2021,2,2047,2023,0,2446
2000-01-28,1165,"New York, NY",MIA,"Miami, FL",915,918,1211,3,1230,1214,0,1090
2000-01-06,185,"New York, NY",LAX,"Los Angeles, CA",1900,1857,2209,11,2221,2220,0,2475
2000-01-31,699,"New York, NY",SJU,"San Juan, PR",659,659,1155,5,1201,1200,0,1597
2000-01-12,15,"New York, NY",SFO,"San Francisco, CA",1100,1057,1518,3,1436,1521,0,2586
2000-01-22,677,"New York, NY",SJU,"San Juan, PR",610,616,1048,20,1114,1108,0,1597
2000-01-22,989,"New York, NY",MIA,"Miami, FL",630,631,927,3,942,930,0,1090
2000-01-03,2111,"New York, NY",MIA,"Miami, FL",1818,1820,2114,2,2130,2116,0,1090
2000-01-05,105,"New York, NY",DFW,"Dallas/Fort Worth, TX",1810,1809,2104,15,2117,2119,0,1391
2000-01-30,647,"New York, NY",SJU,"San Juan, PR",1530,1733,2212,5,2019,2217,0,1597
2000-01-20,917,"New York, NY",MIA,"Miami, FL",1150,1158,1549,28,1501,1617,0,1090
2000-01-03,699,"New York, NY",SJU,"San Juan, PR",700,658,1132,8,1159,1140,0,1597
2000-01-25,677,"New York, NY",SJU,"San Juan, PR",610,744,1426,4,1114,1430,0,1597
2000-01-12,1165,"New York, NY",MIA,"Miami, FL",915,916,1211,4,1230,1215,0,1090
2000-01-30,117,"New York, NY",LAX,"Los Angeles, CA",1500,1458,1746,3,1818,1749,0,2475
2000-01-26,65,"New York, NY",SFO,"San Francisco, CA",1530,1543,1858,4,1907,1902,0,2586
2000-01-02,989,"New York, NY",MIA,"Miami, FL",630,630,909,9,942,918,0,1090
2000-01-03,677,"New York, NY",SJU,"San Juan, PR",610,617,1048,10,1114,1058,0,1597
2000-01-22,3,"New York, NY",LAX,"Los Angeles, CA",1200,1219,1511,4,1520,1515,0,2475
2000-01-05,19,"New York, NY",LAX,"Los Angeles, CA",1030,1034,1333,4,1350,1337,0,2475
2000-01-28,917,"New York, NY",MIA,"Miami, FL",1150,1157,1506,2,1501,1508,0,1090
2000-01-01,117,"New York, NY",LAX,"Los Angeles, CA",1500,1459,1802,6,1818,1808,0,2475
2000-01-07,699,"New York, NY",SJU,"San Juan, PR",700,701,1126,3,1159,1129,0,1597
2000-01-20,1473,"New York, NY",SJU,"San Juan, PR",1130,1134,1739,3,1629,1742,0,1597
2000-01-01,29,"New York, NY",LAX,"Los Angeles, CA",2000,1956,2248,5,2312,2253,0,2475
2000-01-03,19,"New York, NY",LAX,"Los Angeles, CA",1030,1024,1328,5,1350,1333,0,2475
2000-01-23,45,"New York, NY",SFO,"San Francisco, CA",1700,1700,2022,4,2038,2026,0,2586
2000-01-10,199,"New York, NY",LAX,"Los Angeles, CA",1700,1658,2008,12,2019,2020,0,2475
2000-01-12,231,"New York, NY",SJC,"San Jose, CA",1800,1800,2223,3,2139,2226,0,2570
2000-01-07,3,"New York, NY",LAX,"Los Angeles, CA",1200,1156,1502,5,1520,1507,0,2475
2000-01-12,127,"New York, NY",SAN,"San Diego, CA",1730,1730,2035,2,2047,2037,0,2446
2000-01-18,1165,"New York, NY",MIA,"Miami, FL",915,918,1202,5,1230,1207,0,1090
2000-01-29,1165,"New York, NY",MIA,"Miami, FL",915,913,1201,2,1230,1203,0,1090
2000-01-21,199,"New York, NY",LAX,"Los Angeles, CA",1700,1723,2029,5,2019,2034,0,2475
2000-01-18,59,"New York, NY",SFO,"San Francisco, CA",800,801,1138,6,1134,1144,0,2586
2000-01-19,65,"New York, NY",SFO,"San Francisco, CA",1530,1621,2036,12,1907,2048,0,2586
2000-01-10,1165,"New York, NY",MIA,"Miami, FL",915,909,1220,5,1230,1225,0,1090
2000-01-06,65,"New York, NY",SFO,"San Francisco, CA",1530,1535,1856,7,1907,1903,0,2586
2000-01-26,177,"New York, NY",SFO,"San Francisco, CA",1845,1958,2302,6,2231,2308,0,2586
2000-01-29,21,"New York, NY",LAX,"Los Angeles, CA",1800,,,,2127,,1,2475
2000-01-28,647,"New York, NY",SJU,"San Juan, PR",1530,1528,2001,4,2019,2005,0,1597
2000-01-14,59,"New York, NY",SFO,"San Francisco, CA",800,,,,1134,,1,2586
2000-01-29,133,"New York, NY",LAX,"Los Angeles, CA",1615,1617,1857,3,1932,1900,0,2475
2000-01-17,133,"New York, NY",LAX,"Los Angeles, CA",1615,1616,1942,4,1932,1946,0,2475
2000-01-18,1473,"New York, NY",SJU,"San Juan, PR",1130,1127,1553,5,1629,1558,0,1597
2000-01-16,989,"New York, NY",MIA,"Miami, FL",630,630,909,18,942,927,0,1090
2000-01-30,677,"New York, NY",SJU,"San Juan, PR",610,609,1037,4,1114,1041,0,1597
2000-01-09,3,"New York, NY",LAX,"Los Angeles, CA",1200,1200,1447,6,1520,1453,0,2475
2000-01-08,127,"New York, NY",SAN,"San Diego, CA",1730,1726,2027,2,2047,2029,0,2446
2000-01-12,65,"New York, NY",SFO,"San Francisco, CA",1530,1530,1935,5,1907,1940,0,2586
2000-01-16,917,"New York, NY",MIA,"Miami, FL",1150,1605,1832,4,1501,1836,0,1090
2000-01-05,677,"New York, NY",SJU,"San Juan, PR",610,610,1048,4,1114,1052,0,1597
2000-01-23,917,"New York, NY",MIA,"Miami, FL",1150,1152,1446,6,1501,1452,0,1090
2000-01-31,989,"New York, NY",MIA,"Miami, FL",634,626,934,3,942,937,0,1090
2000-01-20,177,"New York, NY",SFO,"San Francisco, CA",1845,1955,13,6,2231,19,0,2586
2000-01-05,133,"New York, NY",LAX,"Los Angeles, CA",1615,1611,1902,7,1932,1909,0,2475
2000-01-19,989,"New York, NY",MIA,"Miami, FL",630,630,908,11,942,919,0,1090
2000-01-17,105,"New York, NY",DFW,"Dallas/Fort Worth, TX",1810,2200,35,4,2117,39,0,1391
2000-01-19,647,"New York, NY",SJU,"San Juan, PR",1530,1530,1952,22,2019,2014,0,1597
2000-01-22,21,"New York, NY",LAX,"Los Angeles, CA",1800,1809,2124,3,2127,2127,0,2475
2000-01-20,677,"New York, NY",SJU,"San Juan, PR",610,607,1054,6,1114,1100,0,1597
2000-01-20,117,"New York, NY",LAX,"Los Angeles, CA",1500,1502,1903,4,1818,1907,0,2475
2000-01-10,677,"New York, NY",SJU,"San Juan, PR",610,613,1100,9,1114,1109,0,1597
2000-01-28,29,"New York, NY",LAX,"Los Angeles, CA",2000,2004,2248,14,2312,2302,0,2475
2000-01-02,1972,"New York, NY",BOS,"Boston, MA",735,736,831,4,847,835,0,187
2000-01-08,699,"New York, NY",SJU,"San Juan, PR",700,709,1145,4,1159,1149,0,1597
2000-01-27,677,"New York, NY",SJU,"San Juan, PR",610,626,1109,5,1114,1114,0,1597
2000-01-21,3,"New York, NY",LAX,"Los Angeles, CA",1200,1201,1532,10,1520,1542,0,2475
2000-01-03,1473,"New York, NY",SJU,"San Juan, PR",1130,1119,1548,4,1629,1552,0,1597
2000-01-26,1165,"New York, NY",MIA,"Miami, FL",915,915,1540,6,1230,1546,0,1090
2000-01-27,19,"New York, NY",LAX,"Los Angeles, CA",1030,1106,1354,18,1350,1412,0,2475
2000-01-01,677,"New York, NY",SJU,"San Juan, PR",610,608,1040,7,1114,1047,0,1597
2000-01-15,677,"New York, NY",SJU,"San Juan, PR",610,639,1103,4,1114,1107,0,1597
2000-01-31,33,"New York, NY",LAX,"Los Angeles, CA",800,803,1042,5,1110,1047,0,2475
2000-01-16,231,"New York, NY",SJC,"San Jose, CA",1800,,,,2139,,1,2570
2000-01-26,1397,"New York, NY",MIA,"Miami, FL",1445,1517,1821,11,1808,1832,0,1090
2000-01-28,699,"New York, NY",SJU,"San Juan, PR",700,659,1205,6,1159,1211,0,1597
2000-01-12,1397,"New York, NY",MIA,"Miami, FL",1445,1447,1752,10,1808,1802,0,1090
2000-01-29,1972,"New York, NY",BOS,"Boston, MA",735,736,848,14,847,902,0,187
2000-01-17,177,"New York, NY",SFO,"San Francisco, CA",1845,1909,2312,9,2231,2321,0,2586
2000-01-09,699,"New York, NY",SJU,"San Juan, PR",700,706,1144,8,1159,1152,0,1597
2000-01-30,1169,"New York, NY",SJU,"San Juan, PR",1950,1949,101,4,49,105,0,1597
2000-01-26,33,"New York, NY",LAX,"Los Angeles, CA",800,837,1244,7,1125,1251,0,2475
2000-01-24,699,"New York, NY",SJU,"San Juan, PR",700,700,1210,9,1159,1219,0,1597
2000-01-10,15,"New York, NY",SFO,"San Francisco, CA",1100,1056,1411,4,1436,1415,0,2586
2000-01-09,1,"New York, NY",LAX,"Los Angeles, CA",900,857,1143,3,1212,1146,0,2475
2000-01-01,1453,"New York, NY",SJU,"San Juan, PR",2135,2130,207,3,228,210,0,1597
2000-01-06,117,"New York, NY",LAX,"Los Angeles, CA",1500,,,,1818,,1,2475
2000-01-09,15,"New York, NY",SFO,"San Francisco, CA",1100,1055,1402,6,1436,1408,0,2586
2000-01-18,647,"New York, NY",SJU,"San Juan, PR",1530,1536,1956,5,2019,2001,0,1597
2000-01-03,127,"New York, NY",SAN,"San Diego, CA",1730,1729,2018,2,2047,2020,0,2446
2000-01-10,1169,"New York, NY",SJU,"San Juan, PR",1950,1950,58,7,49,105,0,1597
2000-01-27,1165,"New York, NY",MIA,"Miami, FL",915,920,1234,7,1230,1241,0,1090
2000-01-09,2111,"New York, NY",MIA,"Miami, FL",1818,2051,2338,6,2130,2344,0,1090
2000-01-07,1397,"New York, NY",MIA,"Miami, FL",1445,1448,1800,10,1808,1810,0,1090
2000-01-05,231,"New York, NY",SJC,"San Jose, CA",1800,1802,2121,3,2139,2124,0,2570
2000-01-31,19,"New York, NY",LAX,"Los Angeles, CA",1030,1030,1311,15,1336,1326,0,2475
2000-01-19,15,"New York, NY",SFO,"San Francisco, CA",1100,1201,1712,6,1436,1718,0,2586
2000-01-10,19,"New York, NY",LAX,"Los Angeles, CA",1030,1028,1343,12,1350,1355,0,2475
2000-01-13,647,"New York, NY",SJU,"San Juan, PR",1530,1527,2012,4,2019,2016,0,1597
2000-01-24,1453,"New York, NY",SJU,"San Juan, PR",2135,2135,238,6,228,244,0,1597
2000-01-28,231,"New York, NY",SJC,"San Jose, CA",1800,1809,2108,3,2139,2111,0,2570
2000-01-01,177,"New York, NY",SFO,"San Francisco, CA",1845,1844,2212,4,2231,2216,0,2586
2000-01-24,1169,"New York, NY",SJU,"San Juan, PR",1950,1949,115,5,49,120,0,1597
2000-01-21,59,"New York, NY",SFO,"San Francisco, CA",800,813,1146,7,1134,1153,0,2586
2000-01-07,231,"New York, NY",SJC,"San Jose, CA",1800,1756,2119,3,2139,2122,0,2570
2000-01-11,917,"New York, NY",MIA,"Miami, FL",1150,1148,1458,4,1501,1502,0,1090
2000-01-31,177,"New York, NY",SFO,"San Francisco, CA",1845,1845,2239,3,2214,2242,0,2586
2000-01-07,655,"New York, NY",STT,"Charlotte Amalie, VI",800,758,1237,3,1301,1240,0,1623
2000-01-24,33,"New York, NY",LAX,"Los Angeles, CA",800,800,1123,10,1125,1133,0,2475
2000-01-04,185,"New York, NY",LAX,"Los Angeles, CA",1900,1904,2208,7,2221,2215,0,2475
2000-01-17,655,"New York, NY",STT,"Charlotte Amalie, VI",800,756,1225,3,1301,1228,0,1623
2000-01-14,655,"New York, NY",STT,"Charlotte Amalie, VI",800,805,1250,4,1301,1254,0,1623
2000-01-10,117,"New York, NY",LAX,"Los Angeles, CA",1500,1458,1823,10,1818,1833,0,2475
2000-01-11,3,"New York, NY",LAX,"Los Angeles, CA",1200,1200,1526,4,1520,1530,0,2475
2000-01-21,1165,"New York, NY",MIA,"Miami, FL",915,921,1201,4,1230,1205,0,1090
2000-01-21,917,"New York, NY",MIA,"Miami, FL",1150,1150,1458,6,1501,1504,0,1090
2000-01-28,655,"New York, NY",STT,"Charlotte Amalie, VI",800,855,1356,5,1301,1401,0,1623
2000-01-05,15,"New York, NY",SFO,"San Francisco, CA",1100,1100,1404,4,1436,1408,0,2586
2000-01-08,2111,"New York, NY",MIA,"Miami, FL",1818,1855,2219,8,2130,2227,0,1090
2000-01-31,1972,"New York, NY",BOS,"Boston, MA",735,739,836,12,845,848,0,187
2000-01-17,21,"New York, NY",LAX,"Los Angeles, CA",1800,1755,2124,3,2127,2127,0,2475
2000-01-11,19,"New York, NY",LAX,"Los Angeles, CA",1030,1029,1338,5,1350,1343,0,2475
2000-01-19,21,"New York, NY",LAX,"Los Angeles, CA",1800,1802,2120,9,2127,2129,0,2475
2000-01-11,177,"New York, NY",SFO,"San Francisco, CA",1845,1844,2238,5,2231,2243,0,2586
2000-01-10,21,"New York, NY",LAX,"Los Angeles, CA",1800,1840,2140,8,2127,2148,0,2475
2000-01-17,1473,"New York, NY",SJU,"San Juan, PR",1130,1126,1551,4,1629,1555,0,1597
2000-01-30,21,"New York, NY",LAX,"Los Angeles, CA",1800,1800,2057,6,2127,2103,0,2475
2000-01-07,33,"New York, NY",LAX,"Los Angeles, CA",800,759,1058,4,1125,1102,0,2475
2000-01-08,231,"New York, NY",SJC,"San Jose, CA",1800,1757,2116,3,2139,2119,0,2570
2000-01-24,1,"New York, NY",LAX,"Los Angeles, CA",900,859,1157,3,1212,1200,0,2475
2000-01-26,917,"New York, NY",MIA,"Miami, FL",1150,1407,1710,5,1501,1715,0,1090
2000-01-26,1972,"New York, NY",BOS,"Boston, MA",735,730,957,7,847,1004,0,187
2000-01-12,105,"New York, NY",DFW,"Dallas/Fort Worth, TX",1810,1810,2120,7,2117,2127,0,1391
2000-01-09,989,"New York, NY",MIA,"Miami, FL",630,626,932,15,942,947,0,1090
2000-01-05,1165,"New York, NY",MIA,"Miami, FL",915,913,1159,3,1230,1202,0,1090
2000-01-12,699,"New York, NY",SJU,"San Juan, PR",700,700,1140,8,1159,1148,0,1597
2000-01-27,2111,"New York, NY",MIA,"Miami, FL",1818,2109,2356,4,2130,2400,0,1090
2000-01-21,21,"New York, NY",LAX,"Los Angeles, CA",1800,1757,2123,3,2127,2126,0,2475
2000-01-14,2397,"New York, NY",MIA,"Miami, FL",1930,1943,2247,10,2252,2257,0,1090
2000-01-07,177,"New York, NY",SFO,"San Francisco, CA",1845,1842,2201,2,2231,2203,0,2586
2000-01-13,3,"New York, NY",LAX,"Los Angeles, CA",1200,1201,1553,8,1520,1601,0,2475
2000-01-31,1165,"New York, NY",MIA,"Miami, FL",918,914,1221,3,1230,1224,0,1090
2000-01-05,29,"New York, NY",LAX,"Los Angeles, CA",2000,1958,2241,5,2312,2246,0,2475
2000-01-01,2111,"New York, NY",MIA,"Miami, FL",1818,1820,2112,3,2130,2115,0,1090
2000-01-07,1165,"New York, NY",MIA,"Miami, FL",915,911,1208,2,1230,1210,0,1090
2000-01-14,1169,"New York, NY",SJU,"San Juan, PR",1950,2016,53,5,49,58,0,1597
2000-01-04,33,"New York, NY",LAX,"Los Angeles, CA",800,802,1056,4,1125,1100,0,2475
2000-01-25,1,"New York, NY",LAX,"Los Angeles, CA",900,1042,1423,9,1212,1432,0,2475
2000-01-07,1972,"New York, NY",BOS,"Boston, MA",735,734,827,10,847,837,0,187
2000-01-20,1,"New York, NY",LAX,"Los Angeles, CA",900,900,1151,11,1212,1202,0,2475
2000-01-14,177,"New York, NY",SFO,"San Francisco, CA",1845,1855,2246,5,2231,2251,0,2586
2000-01-06,19,"New York, NY",LAX,"Los Angeles, CA",1030,1110,1355,5,1350,1400,0,2475
2000-01-14,185,"New York, NY",LAX,"Los Angeles, CA",1900,1859,2211,8,2221,2219,0,2475
2000-01-04,1972,"New York, NY",BOS,"Boston, MA",735,734,828,13,847,841,0,187
2000-01-09,199,"New York, NY",LAX,"Los Angeles, CA",1700,1658,1946,4,2019,1950,0,2475
2000-01-02,655,"New York, NY",STT,"Charlotte Amalie, VI",800,814,1241,2,1301,1243,0,1623
2000-01-26,1,"New York, NY",LAX,"Los Angeles, CA",900,1008,1422,4,1212,1426,0,2475
2000-01-15,45,"New York, NY",SFO,"San Francisco, CA",1700,1704,2015,8,2038,2023,0,2586
2000-01-07,105,"New York, NY",DFW,"Dallas/Fort Worth, TX",1810,1813,2102,18,2117,2120,0,1391
2000-01-18,1,"New York, NY",LAX,"Los Angeles, CA",900,905,1209,7,1212,1216,0,2475
2000-01-13,185,"New York, NY",LAX,"Los Angeles, CA",1900,1908,2213,22,2221,2235,0,2475
2000-01-28,59,"New York, NY",SFO,"San Francisco, CA",800,816,1111,10,1134,1121,0,2586
2000-01-09,1165,"New York, NY",MIA,"Miami, FL",915,912,1211,5,1230,1216,0,1090
2000-01-04,59,"New York, NY",SFO,"San Francisco, CA",800,757,1059,3,1134,1102,0,2586
2000-01-20,105,"New York, NY",DFW,"Dallas/Fort Worth, TX",1810,,,,2117,,1,1391
2000-01-23,127,"New York, NY",SAN,"San Diego, CA",1730,1728,2028,2,2047,2030,0,2446
2000-01-29,45,"New York, NY",SFO,"San Francisco, CA",1700,1657,1940,3,2038,1943,0,2586
2000-01-21,647,"New York, NY",SJU,"San Juan, PR",1530,1537,2004,5,2019,2009,0,1597
2000-01-18,1169,"New York, NY",SJU,"San Juan, PR",1950,1951,21,5,49,26,0,1597
2000-01-15,1,"New York, NY",LAX,"Los Angeles, CA",900,901,1153,6,1212,1159,0,2475
2000-01-02,1397,"New York, NY",MIA,"Miami, FL",1445,1501,1813,6,1808,1819,0,1090
2000-01-08,21,"New York, NY",LAX,"Los Angeles, CA",1800,1757,2100,21,2127,2121,0,2475
2000-01-30,177,"New York, NY",SFO,"San Francisco, CA",1845,1845,2153,10,2231,2203,0,2586
2000-01-15,29,"New York, NY",LAX,"Los Angeles, CA",2000,2034,2313,3,2312,2316,0,2475
2000-01-20,133,"New York, NY",LAX,"Los Angeles, CA",1615,1621,2010,4,1932,2014,0,2475
2000-01-05,655,"New York, NY",STT,"Charlotte Amalie, VI",800,756,1250,3,1301,1253,0,1623
2000-01-14,105,"New York, NY",DFW,"Dallas/Fort Worth, TX",1810,1814,2100,8,2117,2108,0,1391
2000-01-24,45,"New York, NY",SFO,"San Francisco, CA",1700,1848,2244,5,2038,2249,0,2586
2000-01-04,29,"New York, NY",LAX,"Los Angeles, CA",2000,2153,100,4,2312,104,0,2475
2000-01-24,127,"New York, NY",SAN,"San Diego, CA",1730,1733,2058,2,2047,2100,0,2446
2000-01-30,1,"New York, NY",LAX,"Los Angeles, CA",900,900,1138,8,1212,1146,0,2475
2000-01-31,45,"New York, NY",SFO,"San Francisco, CA",1700,1657,2006,5,2017,2011,0,2586
2000-01-30,917,"New York, NY",MIA,"Miami, FL",1150,1512,1806,7,1501,1813,0,1090
2000-01-13,2111,"New York, NY",MIA,"Miami, FL",1818,1815,2149,7,2130,2156,0,1090
2000-01-08,65,"New York, NY",SFO,"San Francisco, CA",1530,1731,2058,6,1907,2104,0,2586
2000-01-30,65,"New York, NY",SFO,"San Francisco, CA",1530,1529,1823,3,1907,1826,0,2586
2000-01-10,65,"New York, NY",SFO,"San Francisco, CA",1530,1548,1926,2,1907,1928,0,2586
2000-01-08,655,"New York, NY",STT,"Charlotte Amalie, VI",800,834,1308,3,1301,1311,0,1623
2000-01-09,177,"New York, NY",SFO,"San Francisco, CA",1845,1849,2233,7,2231,2240,0,2586
2000-01-27,917,"New York, NY",MIA,"Miami, FL",1150,1232,1538,7,1501,1545,0,1090
2000-01-28,127,"New York, NY",SAN,"San Diego, CA",1730,1728,2040,2,2047,2042,0,2446
2000-01-04,127,"New York, NY",SAN,"San Diego, CA",1730,1728,2015,2,2047,2017,0,2446
2000-01-29,1473,"New York, NY",SJU,"San Juan, PR",1130,1137,1617,4,1629,1621,0,1597
2000-01-25,29,"New York, NY",LAX,"Los Angeles, CA",2000,,,,2312,,1,2475
2000-01-31,21,"New York, NY",LAX,"Los Angeles, CA",1800,1800,2115,12,2113,2127,0,2475
2000-01-13,1453,"New York, NY",SJU,"San Juan, PR",2135,2341,357,5,228,402,0,1597
2000-01-03,647,"New York, NY",SJU,"San Juan, PR",1530,1527,2009,33,2019,2042,0,1597
2000-01-14,699,"New York, NY",SJU,"San Juan, PR",700,710,1144,6,1159,1150,0,1597
2000-01-08,117,"New York, NY",LAX,"Los Angeles, CA",1500,1504,1817,4,1818,1821,0,2475
2000-01-23,677,"New York, NY",SJU,"San Juan, PR",610,606,1044,6,1114,1050,0,1597
2000-01-14,133,"New York, NY",LAX,"Los Angeles, CA",1615,1621,1914,8,1932,1922,0,2475
2000-01-14,45,"New York, NY",SFO,"San Francisco, CA",1700,1658,2027,5,2038,2032,0,2586
2000-01-19,127,"New York, NY",SAN,"San Diego, CA",1730,1741,2046,2,2047,2048,0,2446
2000-01-27,29,"New York, NY",LAX,"Los Angeles, CA",2000,2001,2251,4,2312,2255,0,2475
2000-01-12,133,"New York, NY",LAX,"Los Angeles, CA",1615,1613,1928,4,1932,1932,0,2475
2000-01-06,59,"New York, NY",SFO,"San Francisco, CA",800,819,1134,4,1134,1138,0,2586
2000-01-02,1169,"New York, NY",SJU,"San Juan, PR",1950,1949,18,8,49,26,0,1597
2000-01-27,1397,"New York, NY",MIA,"Miami, FL",1445,1500,1815,32,1808,1847,0,1090
2000-01-13,177,"New York, NY",SFO,"San Francisco, CA",1845,1845,2239,3,2231,2242,0,2586
2000-01-16,1165,"New York, NY",MIA,"Miami, FL",915,913,1156,3,1230,1159,0,1090
2000-01-25,699,"New York, NY",SJU,"San Juan, PR",700,909,1550,8,1159,1558,0,1597
2000-01-06,1169,"New York, NY",SJU,"San Juan, PR",1950,1951,22,6,49,28,0,1597
2000-01-09,1453,"New York, NY",SJU,"San Juan, PR",2135,2135,150,5,228,155,0,1597
2000-01-30,33,"New York, NY",LAX,"Los Angeles, CA",800,802,1041,11,1125,1052,0,2475
2000-01-25,1397,"New York, NY",MIA,"Miami, FL",1445,,,,1808,,1,1090
2000-01-27,15,"New York, NY",SFO,"San Francisco, CA",1100,1116,1407,2,1436,1409,0,2586
2000-01-25,33,"New York, NY",LAX,"Los Angeles, CA",800,907,1406,5,1125,1411,0,2475
2000-01-17,29,"New York, NY",LAX,"Los Angeles, CA",2000,2003,2300,4,2312,2304,0,2475
2000-01-07,21,"New York, NY",LAX,"Los Angeles, CA",1800,1759,2115,8,2127,2123,0,2475
2000-01-19,1972,"New York, NY",BOS,"Boston, MA",735,742,843,7,847,850,0,187
2000-01-18,231,"New York, NY",SJC,"San Jose, CA",1800,1800,2207,4,2139,2211,0,2570
2000-01-30,655,"New York, NY",STT,"Charlotte Amalie, VI",800,800,1240,3,1301,1243,0,1623
2000-01-27,989,"New York, NY",MIA,"Miami, FL",630,638,934,11,942,945,0,1090
2000-01-29,127,"New York, NY",SAN,"San Diego, CA",1730,1727,2002,2,2047,2004,0,2446
2000-01-20,231,"New York, NY",SJC,"San Jose, CA",1800,,,,2139,,1,2570
2000-01-15,1473,"New York, NY",SJU,"San Juan, PR",1130,1139,1603,5,1629,1608,0,1597
2000-01-15,19,"New York, NY",LAX,"Los Angeles, CA",1030,1027,1317,11,1350,1328,0,2475
2000-01-24,105,"New York, NY",DFW,"Dallas/Fort Worth, TX",1810,1810,2048,9,2117,2057,0,1391
2000-01-12,45,"New York, NY",SFO,"San Francisco, CA",1700,1714,2120,4,2038,2124,0,2586
2000-01-18,177,"New York, NY",SFO,"San Francisco, CA",1845,1847,2251,5,2231,2256,0,2586
2000-01-13,199,"New York, NY",LAX,"Los Angeles, CA",1700,1700,2052,15,2019,2107,0,2475
2000-01-15,1397,"New York, NY",MIA,"Miami, FL",1445,1449,1726,7,1808,1733,0,1090
2000-01-19,33,"New York, NY",LAX,"Los Angeles, CA",800,807,1118,3,1125,1121,0,2475
2000-01-18,1972,"New York, NY",BOS,"Boston, MA",735,737,835,21,847,856,0,187
2000-01-21,127,"New York, NY",SAN,"San Diego, CA",1730,1732,2058,2,2047,2100,0,2446
2000-01-10,105,"New York, NY",DFW,"Dallas/Fort Worth, TX",1810,2005,2311,8,2117,2319,0,1391
2000-01-26,19,"New York, NY",LAX,"Los Angeles, CA",1030,1101,1346,4,1350,1350,0,2475
2000-01-12,1473,"New York, NY",SJU,"San Juan, PR",1130,1134,1559,7,1629,1606,0,1597
2000-01-15,65,"New York, NY",SFO,"San Francisco, CA",1530,2046,20,7,1907,27,0,2586
2000-01-14,199,"New York, NY",LAX,"Los Angeles, CA",1700,1657,2002,10,2019,2012,0,2475
2000-01-30,29,"New York, NY",LAX,"Los Angeles, CA",2000,2000,2347,11,2312,2358,0,2475
2000-01-07,989,"New York, NY",MIA,"Miami, FL",630,631,921,3,942,924,0,1090
2000-01-21,655,"New York, NY",STT,"Charlotte Amalie, VI",800,800,1309,5,1301,1314,0,1623
2000-01-21,677,"New York, NY",SJU,"San Juan, PR",610,632,1115,3,1114,1118,0,1597
2000-01-29,177,"New York, NY",SFO,"San Francisco, CA",1845,1846,2152,19,2231,2211,0,2586
2000-01-03,231,"New York, NY",SJC,"San Jose, CA",1800,1802,2124,4,2137,2128,0,2570
2000-01-14,3,"New York, NY",LAX,"Los Angeles, CA",1200,1202,1504,8,1520,1512,0,2475
2000-01-10,917,"New York, NY",MIA,"Miami, FL",1150,1150,1454,2,1501,1456,0,1090
2000-01-22,647,"New York, NY",SJU,"San Juan, PR",1530,1531,2007,6,2019,2013,0,1597
2000-01-19,45,"New York, NY",SFO,"San Francisco, CA",1700,1700,2052,6,2038,2058,0,2586
2000-01-13,117,"New York, NY",LAX,"Los Angeles, CA",1500,1501,1803,12,1818,1815,0,2475
2000-01-31,105,"New York, NY",DFW,"Dallas/Fort Worth, TX",1810,1809,2127,7,2123,2134,0,1391
2000-01-28,15,"New York, NY",SFO,"San Francisco, CA",1100,1103,1355,5,1436,1400,0,2586
2000-01-28,989,"New York, NY",MIA,"Miami, FL",630,649,955,3,942,958,0,1090
2000-01-17,199,"New York, NY",LAX,"Los Angeles, CA",1700,1658,1955,9,2019,2004,0,2475
2000-01-28,65,"New York, NY",SFO,"San Francisco, CA",1530,1533,1819,4,1907,1823,0,2586
2000-01-06,1473,"New York, NY",SJU,"San Juan, PR",1130,1129,1554,5,1629,1559,0,1597
2000-01-04,15,"New York, NY",SFO,"San Francisco, CA",1100,1057,1449,4,1436,1453,0,2586
2000-01-13,33,"New York, NY",LAX,"Los Angeles, CA",800,844,1232,4,1125,1236,0,2475
2000-01-11,21,"New York, NY",LAX,"Los Angeles, CA",1800,1756,2111,24,2127,2135,0,2475
2000-01-23,1972,"New York, NY",BOS,"Boston, MA",735,900,956,13,847,1009,0,187
2000-01-09,29,"New York, NY",LAX,"Los Angeles, CA",2000,1959,2248,5,2312,2253,0,2475
2000-01-17,1,"New York, NY",LAX,"Los Angeles, CA",900,859,1203,5,1212,1208,0,2475
2000-01-21,989,"New York, NY",MIA,"Miami, FL",630,642,1004,9,942,1013,0,1090
2000-01-28,1169,"New York, NY",SJU,"San Juan, PR",1950,1957,53,7,49,100,0,1597
2000-01-25,45,"New York, NY",SFO,"San Francisco, CA",1700,,,,2038,,1,2586
2000-01-28,677,"New York, NY",SJU,"San Juan, PR",610,639,1118,11,1114,1129,0,1597
2000-01-04,655,"New York, NY",STT,"Charlotte Amalie, VI",800,758,1238,3,1301,1241,0,1623
2000-01-26,231,"New York, NY",SJC,"San Jose, CA",1800,1810,2115,5,2139,2120,0,2570
2000-01-29,2111,"New York, NY",MIA,"Miami, FL",1818,1824,2133,9,2130,2142,0,1090
2000-01-31,647,"New York, NY",SJU,"San Juan, PR",1530,1529,2014,5,2024,2019,0,1597
2000-01-03,65,"New York, NY",SFO,"San Francisco, CA",1530,1528,1839,11,1907,1850,0,2586
2000-01-19,19,"New York, NY",LAX,"Los Angeles, CA",1030,1033,1334,4,1350,1338,0,2475
2000-01-31,1397,"New York, NY",MIA,"Miami, FL",1450,1449,1753,7,1806,1800,0,1090
2000-01-22,2111,"New York, NY",MIA,"Miami, FL",1818,1818,2149,9,2130,2158,0,1090
2000-01-24,185,"New York, NY",LAX,"Los Angeles, CA",1900,1935,2228,16,2221,2244,0,2475
2000-01-15,2111,"New York, NY",MIA,"Miami, FL",1818,1818,2057,4,2130,2101,0,1090
2000-01-02,199,"New York, NY",LAX,"Los Angeles, CA",1700,1659,2020,4,2019,2024,0,2475
2000-01-10,2111,"New York, NY",MIA,"Miami, FL",1818,1828,2136,7,2130,2143,0,1090
2000-01-22,59,"New York, NY",SFO,"San Francisco, CA",800,757,1137,3,1134,1140,0,2586
2000-01-04,201,"New York, NY",LAX,"Los Angeles, CA",700,657,950,5,1022,955,0,2475
2000-01-25,989,"New York, NY",MIA,"Miami, FL",630,832,1202,3,942,1205,0,1090
2000-01-19,1,"New York, NY",LAX,"Los Angeles, CA",900,901,1155,11,1212,1206,0,2475
2000-01-31,117,"New York, NY",LAX,"Los Angeles, CA",1500,1458,1743,9,1805,1752,0,2475
2000-01-16,33,"New York, NY",LAX,"Los Angeles, CA",800,912,1202,7,1125,1209,0,2475
2000-01-23,15,"New York, NY",SFO,"San Francisco, CA",1100,1057,1429,5,1436,1434,0,2586
2000-01-14,65,"New York, NY",SFO,"San Francisco, CA",1530,1546,1913,6,1907,1919,0,2586
2000-01-13,1,"New York, NY",LAX,"Los Angeles, CA",900,854,1220,5,1212,1225,0,2475
2000-01-04,1165,"New York, NY",MIA,"Miami, FL",910,908,1201,3,1225,1204,0,1090
2000-01-20,21,"New York, NY",LAX,"Los Angeles, CA",1800,1803,2156,5,2127,2201,0,2475
2000-01-18,199,"New York, NY",LAX,"Los Angeles, CA",1700,1657,1951,4,2019,1955,0,2475
2000-01-02,201,"New York, NY",LAX,"Los Angeles, CA",700,705,1011,9,1022,1020,0,2475
2000-01-03,1397,"New York, NY",MIA,"Miami, FL",1445,1444,1744,11,1808,1755,0,1090
2000-01-11,65,"New York, NY",SFO,"San Francisco, CA",1530,1528,1906,5,1907,1911,0,2586
2000-01-06,201,"New York, NY",LAX,"Los Angeles, CA",700,656,957,13,1022,1010,0,2475
2000-01-25,917,"New York, NY",MIA,"Miami, FL",1150,,,,1501,,1,1090
2000-01-18,127,"New York, NY",SAN,"San Diego, CA",1730,1817,2202,2,2047,2204,0,2446
2000-01-28,199,"New York, NY",LAX,"Los Angeles, CA",1700,1700,2000,8,2019,2008,0,2475
2000-01-08,677,"New York, NY",SJU,"San Juan, PR",610,610,1028,16,1114,1044,0,1597
2000-01-19,105,"New York, NY",DFW,"Dallas/Fort Worth, TX",1810,1813,2127,5,2117,2132,0,1391
2000-01-15,647,"New York, NY",SJU,"San Juan, PR",1530,1537,1947,6,2019,1953,0,1597
2000-01-05,45,"New York, NY",SFO,"San Francisco, CA",1700,1703,2023,4,2038,2027,0,2586
2000-01-24,65,"New York, NY",SFO,"San Francisco, CA",1530,1646,2047,6,1907,2053,0,2586
2000-01-13,59,"New York, NY",SFO,"San Francisco, CA",800,759,1125,8,1134,1133,0,2586
2000-01-05,21,"New York, NY",LAX,"Los Angeles, CA",1800,1801,2110,5,2127,2115,0,2475
2000-01-04,117,"New York, NY",LAX,"Los Angeles, CA",1500,1515,1810,4,1818,1814,0,2475
2000-01-10,655,"New York, NY",STT,"Charlotte Amalie, VI",800,928,1352,3,1301,1355,0,1623
2000-01-09,133,"New York, NY",LAX,"Los Angeles, CA",1615,1615,1912,11,1932,1923,0,2475
2000-01-07,199,"New York, NY",LAX,"Los Angeles, CA",1700,1654,1952,7,2019,1959,0,2475
2000-01-25,1169,"New York, NY",SJU,"San Juan, PR",1950,,,,49,,1,1597
2000-01-20,59,"New York, NY",SFO,"San Francisco, CA",800,756,1134,7,1134,1141,0,2586
2000-01-02,647,"New York, NY",SJU,"San Juan, PR",1530,1607,2025,4,2019,2029,0,1597
2000-01-03,59,"New York, NY",SFO,"San Francisco, CA",800,757,1112,2,1134,1114,0,2586
2000-01-06,45,"New York, NY",SFO,"San Francisco, CA",1700,1824,2145,21,2038,2206,0,2586
2000-01-02,2111,"New York, NY",MIA,"Miami, FL",1818,1820,2116,6,2130,2122,0,1090
2000-01-06,647,"New York, NY",SJU,"San Juan, PR",1530,1532,2022,11,2019,2033,0,1597
2000-01-29,699,"New York, NY",SJU,"San Juan, PR",700,700,1152,6,1159,1158,0,1597
2000-01-23,3,"New York, NY",LAX,"Los Angeles, CA",1200,1216,1517,7,1520,1524,0,2475
2000-01-02,917,"New York, NY",MIA,"Miami, FL",1150,1153,1431,3,1501,1434,0,1090
2000-01-27,647,"New York, NY",SJU,"San Juan, PR",1530,1529,2019,5,2019,2024,0,1597
2000-01-15,917,"New York, NY",MIA,"Miami, FL",1150,1149,1429,10,1501,1439,0,1090
2000-01-06,29,"New York, NY",LAX,"Los Angeles, CA",2000,1956,2306,6,2312,2312,0,2475
2000-01-07,677,"New York, NY",SJU,"San Juan, PR",610,609,1045,5,1114,1050,0,1597
2000-01-05,2111,"New York, NY",MIA,"Miami, FL",1818,1817,2114,6,2130,2120,0,1090
2000-01-31,677,"New York, NY",SJU,"San Juan, PR",610,609,1053,3,1114,1056,0,1597
2000-01-24,231,"New York, NY",SJC,"San Jose, CA",1800,1800,2229,3,2139,2232,0,2570
2000-01-23,1169,"New York, NY",SJU,"San Juan, PR",1950,1950,33,4,49,37,0,1597
2000-01-21,105,"New York, NY",DFW,"Dallas/Fort Worth, TX",1810,1818,2124,6,2117,2130,0,1391
2000-01-03,117,"New York, NY",LAX,"Los Angeles, CA",1500,1639,1926,4,1818,1930,0,2475
2000-01-03,1165,"New York, NY",MIA,"Miami, FL",910,906,1159,6,1225,1205,0,1090
2000-01-06,177,"New York, NY",SFO,"San Francisco, CA",1845,1858,2225,22,2231,2247,0,2586
2000-01-16,699,"New York, NY",SJU,"San Juan, PR",700,656,1113,7,1159,1120,0,1597
2000-01-28,1453,"New York, NY",SJU,"San Juan, PR",2135,2258,349,6,228,355,0,1597
2000-01-02,59,"New York, NY",SFO,"San Francisco, CA",800,757,1100,4,1134,1104,0,2586
2000-01-11,201,"New York, NY",LAX,"Los Angeles, CA",700,700,1037,10,1022,1047,0,2475
2000-01-24,15,"New York, NY",SFO,"San Francisco, CA",1100,1057,1441,5,1436,1446,0,2586
2000-01-27,33,"New York, NY",LAX,"Los Angeles, CA",800,800,1101,4,1125,1105,0,2475
2000-01-17,117,"New York, NY",LAX,"Los Angeles, CA",1500,1500,1822,5,1818,1827,0,2475
2000-01-19,677,"New York, NY",SJU,"San Juan, PR",610,608,1038,3,1114,1041,0,1597
2000-01-07,917,"New York, NY",MIA,"Miami, FL",1150,1150,1447,3,1501,1450,0,1090
2000-01-13,127,"New York, NY",SAN,"San Diego, CA",1730,1726,2036,3,2047,2039,0,2446
2000-01-21,231,"New York, NY",SJC,"San Jose, CA",1800,1812,2207,3,2139,2210,0,2570
2000-01-14,19,"New York, NY",LAX,"Los Angeles, CA",1030,1044,1338,4,1350,1342,0,2475
2000-01-06,105,"New York, NY",DFW,"Dallas/Fort Worth, TX",1810,1814,2128,9,2117,2137,0,1391
2000-01-07,1453,"New York, NY",SJU,"San Juan, PR",2135,2136,155,6,228,201,0,1597
2000-01-02,45,"New York, NY",SFO,"San Francisco, CA",1700,1657,2012,9,2038,2021,0,2586
2000-01-25,1972,"New York, NY",BOS,"Boston, MA",735,,,,847,,1,187
2000-01-29,1397,"New York, NY",MIA,"Miami, FL",1445,1445,1736,4,1808,1740,0,1090
2000-01-08,1397,"New York, NY",MIA,"Miami, FL",1445,1446,1755,3,1808,1758,0,1090
2000-01-24,117,"New York, NY",LAX,"Los Angeles, CA",1500,1458,1804,3,1818,1807,0,2475
2000-01-02,677,"New York, NY",SJU,"San Juan, PR",610,605,1026,20,1114,1046,0,1597
2000-01-20,655,"New York, NY",STT,"Charlotte Amalie, VI",800,801,1251,4,1301,1255,0,1623
2000-01-05,127,"New York, NY",SAN,"San Diego, CA",1730,1730,2035,2,2047,2037,0,2446
2000-01-07,29,"New York, NY",LAX,"Los Angeles, CA",2000,1958,2259,12,2312,2311,0,2475
2000-01-20,1453,"New York, NY",SJU,"San Juan, PR",2135,,,,228,,1,1597
2000-01-14,21,"New York, NY",LAX,"Los Angeles, CA",1800,1804,2113,7,2127,2120,0,2475
2000-01-03,45,"New York, NY",SFO,"San Francisco, CA",1700,1704,2050,38,2038,2128,0,2586
2000-01-25,231,"New York, NY",SJC,"San Jose, CA",1800,,,,2139,,1,2570
2000-01-29,59,"New York, NY",SFO,"San Francisco, CA",800,801,1051,5,1134,1056,0,2586
2000-01-03,15,"New York, NY",SFO,"San Francisco, CA",1100,1055,1406,5,1436,1411,0,2586
2000-01-09,201,"New York, NY",LAX,"Los Angeles, CA",700,657,947,5,1022,952,0,2475
2000-01-21,1972,"New York, NY",BOS,"Boston, MA",735,820,925,5,847,930,0,187
2000-01-13,1972,"New York, NY",BOS,"Boston, MA",735,,,,847,,1,187
2000-01-09,185,"New York, NY",LAX,"Los Angeles, CA",1900,1856,2200,7,2221,2207,0,2475
2000-01-04,1,"New York, NY",LAX,"Los Angeles, CA",900,903,1146,8,1212,1154,0,2475
2000-01-23,989,"New York, NY",MIA,"Miami, FL",630,628,947,3,942,950,0,1090
2000-01-17,15,"New York, NY",SFO,"San Francisco, CA",1100,1100,1446,3,1436,1449,0,2586
2000-01-20,29,"New York, NY",LAX,"Los Angeles, CA",2000,2058,129,4,2312,133,0,2475
2000-01-22,1397,"New York, NY",MIA,"Miami, FL",1445,1445,1732,19,1808,1751,0,1090
2000-01-01,917,"New York, NY",MIA,"Miami, FL",1150,1148,1437,4,1501,1441,0,1090
2000-01-23,1453,"New York, NY",SJU,"San Juan, PR",2135,2140,213,3,228,216,0,1597
2000-01-21,133,"New York, NY",LAX,"Los Angeles, CA",1615,1615,2018,12,1932,2030,0,2475
2000-01-16,1169,"New York, NY",SJU,"San Juan, PR",1950,1950,17,3,49,20,0,1597
2000-01-22,655,"New York, NY",STT,"Charlotte Amalie, VI",800,813,1255,3,1301,1258,0,1623
2000-01-20,33,"New York, NY",LAX,"Los Angeles, CA",800,804,1116,9,1125,1125,0,2475
2000-01-02,3,"New York, NY",LAX,"Los Angeles, CA",1200,1159,1509,12,1520,1521,0,2475
2000-01-07,2397,"New York, NY",MIA,"Miami, FL",1930,1930,2222,8,2252,2230,0,1090
2000-01-09,45,"New York, NY",SFO,"San Francisco, CA",1700,1700,2026,3,2038,2029,0,2586
2000-01-21,19,"New York, NY",LAX,"Los Angeles, CA",1030,1031,1353,5,1350,1358,0,2475
2000-01-18,33,"New York, NY",LAX,"Los Angeles, CA",800,800,1122,4,1125,1126,0,2475
2000-01-28,1473,"New York, NY",SJU,"San Juan, PR",1130,1150,1640,10,1629,1650,0,1597
2000-01-17,2111,"New York, NY",MIA,"Miami, FL",1818,1819,2100,11,2130,2111,0,1090
2000-01-06,199,"New York, NY",LAX,"Los Angeles, CA",1700,1658,1949,10,2019,1959,0,2475
2000-01-05,3,"New York, NY",LAX,"Los Angeles, CA",1200,1200,1506,8,1520,1514,0,2475
2000-01-01,1397,"New York, NY",MIA,"Miami, FL",1445,1442,1728,8,1808,1736,0,1090
2000-01-29,117,"New York, NY",LAX,"Los Angeles, CA",1500,1458,1741,6,1818,1747,0,2475
2000-01-17,33,"New York, NY",LAX,"Los Angeles, CA",800,835,1131,4,1125,1135,0,2475
2000-01-05,699,"New York, NY",SJU,"San Juan, PR",700,658,1152,12,1159,1204,0,1597
2000-01-30,2111,"New York, NY",MIA,"Miami, FL",1818,2000,2341,4,2130,2345,0,1090
2000-01-01,1165,"New York, NY",MIA,"Miami, FL",910,906,1151,3,1225,1154,0,1090
2000-01-08,3,"New York, NY",LAX,"Los Angeles, CA",1200,1156,1457,3,1520,1500,0,2475
2000-01-08,133,"New York, NY",LAX,"Los Angeles, CA",1615,1620,1917,9,1932,1926,0,2475
2000-01-04,2111,"New York, NY",MIA,"Miami, FL",1818,2019,2319,4,2130,2323,0,1090
2000-01-04,105,"New York, NY",DFW,"Dallas/Fort Worth, TX",1810,1829,2131,6,2117,2137,0,1391
2000-01-16,21,"New York, NY",LAX,"Los Angeles, CA",1800,1822,2145,8,2127,2153,0,2475
2000-01-19,1397,"New York, NY",MIA,"Miami, FL",1445,1448,1758,7,1808,1805,0,1090
2000-01-19,1169,"New York, NY",SJU,"San Juan, PR",1950,1947,19,5,49,24,0,1597
2000-01-01,105,"New York, NY",DFW,"Dallas/Fort Worth, TX",1810,1809,2100,10,2117,2110,0,1391
2000-01-06,15,"New York, NY",SFO,"San Francisco, CA",1100,1220,1528,5,1436,1533,0,2586
2000-01-26,2111,"New York, NY",MIA,"Miami, FL",1818,1849,2158,6,2130,2204,0,1090
2000-01-15,3,"New York, NY",LAX,"Los Angeles, CA",1200,1226,1517,10,1520,1527,0,2475
2000-01-02,1165,"New York, NY",MIA,"Miami, FL",910,911,1150,3,1225,1153,0,1090
2000-01-20,19,"New York, NY",LAX,"Los Angeles, CA",1030,1110,1440,5,1350,1445,0,2475
2000-01-18,29,"New York, NY",LAX,"Los Angeles, CA",2000,1959,2300,4,2312,2304,0,2475
2000-01-14,231,"New York, NY",SJC,"San Jose, CA",1800,1757,2125,3,2139,2128,0,2570
2000-01-13,677,"New York, NY",SJU,"San Juan, PR",610,622,1052,10,1114,1102,0,1597
2000-01-10,29,"New York, NY",LAX,"Los Angeles, CA",2000,2127,28,14,2312,42,0,2475
2000-01-15,1165,"New York, NY",MIA,"Miami, FL",915,1218,1500,2,1230,1502,0,1090
2000-01-16,29,"New York, NY",LAX,"Los Angeles, CA",2000,1958,2257,16,2312,2313,0,2475
2000-01-04,1453,"New York, NY",SJU,"San Juan, PR",2135,2133,201,8,228,209,0,1597
2000-01-09,655,"New York, NY",STT,"Charlotte Amalie, VI",800,755,1226,3,1301,1229,0,1623
2000-01-08,1453,"New York, NY",SJU,"San Juan, PR",2135,2136,158,6,229,204,0,1597
2000-01-25,199,"New York, NY",LAX,"Los Angeles, CA",1700,,,,2019,,1,2475
2000-01-22,1453,"New York, NY",SJU,"San Juan, PR",2135,2156,222,7,229,229,0,1597
2000-01-06,1397,"New York, NY",MIA,"Miami, FL",1445,1623,1925,14,1808,1939,0,1090
2000-01-16,15,"New York, NY",SFO,"San Francisco, CA",1100,1101,1427,4,1436,1431,0,2586
2000-01-31,15,"New York, NY",SFO,"San Francisco, CA",1100,1058,1412,6,1416,1418,0,2586
2000-01-07,59,"New York, NY",SFO,"San Francisco, CA",800,756,1129,5,1134,1134,0,2586
2000-01-27,1453,"New York, NY",SJU,"San Juan, PR",2135,2254,407,4,228,411,0,1597
2000-01-10,201,"New York, NY",LAX,"Los Angeles, CA",700,659,1010,7,1022,1017,0,2475
2000-01-01,1473,"New York, NY",SJU,"San Juan, PR",1130,1129,1601,6,1629,1607,0,1597
2000-01-19,117,"New York, NY",LAX,"Los Angeles, CA",1500,1503,1826,5,1818,1831,0,2475
2000-01-24,677,"New York, NY",SJU,"San Juan, PR",610,657,1148,7,1114,1155,0,1597
2000-01-23,59,"New York, NY",SFO,"San Francisco, CA",800,757,1118,6,1134,1124,0,2586
2000-01-02,127,"New York, NY",SAN,"San Diego, CA",1730,1727,2022,3,2047,2025,0,2446
2000-01-18,105,"New York, NY",DFW,"Dallas/Fort Worth, TX",1810,1810,2108,6,2117,2114,0,1391
2000-01-02,33,"New York, NY",LAX,"Los Angeles, CA",800,800,1114,8,1125,1122,0,2475
2000-01-17,3,"New York, NY",LAX,"Los Angeles, CA",1200,1200,1523,9,1520,1532,0,2475
2000-01-18,3,"New York, NY",LAX,"Los Angeles, CA",1200,1203,1534,5,1520,1539,0,2475
2000-01-02,21,"New York, NY",LAX,"Los Angeles, CA",1800,1801,2129,11,2127,2140,0,2475
2000-01-23,1473,"New York, NY",SJU,"San Juan, PR",1130,1127,1613,13,1629,1626,0,1597
2000-01-27,117,"New York, NY",LAX,"Los Angeles, CA",1500,1504,1802,3,1818,1805,0,2475
2000-01-15,1972,"New York, NY",BOS,"Boston, MA",735,737,833,11,847,844,0,187
2000-01-11,105,"New York, NY",DFW,"Dallas/Fort Worth, TX",1810,1809,2111,11,2117,2122,0,1391
2000-01-05,59,"New York, NY",SFO,"San Francisco, CA",800,758,1112,3,1134,1115,0,2586
2000-01-03,1972,"New York, NY",BOS,"Boston, MA",735,734,828,8,847,836,0,187
2000-01-25,105,"New York, NY",DFW,"Dallas/Fort Worth, TX",1810,,,,2117,,1,1391
2000-01-24,917,"New York, NY",MIA,"Miami, FL",1150,1155,1512,4,1501,1516,0,1090
2000-01-18,2111,"New York, NY",MIA,"Miami, FL",1818,1828,2107,4,2130,2111,0,1090
2000-01-24,133,"New York, NY",LAX,"Los Angeles, CA",1615,,,,1932,,1,2475
2000-01-04,19,"New York, NY",LAX,"Los Angeles, CA",1030,1030,1325,5,1350,1330,0,2475
2000-01-28,3,"New York, NY",LAX,"Los Angeles, CA",1200,1215,1444,8,1520,1452,0,2475
2000-01-30,185,"New York, NY",LAX,"Los Angeles, CA",1900,,,,2221,,1,2475
2000-01-30,45,"New York, NY",SFO,"San Francisco, CA",1700,1700,1943,3,2038,1946,0,2586
2000-01-05,185,"New York, NY",LAX,"Los Angeles, CA",1900,1900,2203,3,2221,2206,0,2475
2000-01-20,647,"New York, NY",SJU,"San Juan, PR",1530,1550,2209,5,2019,2214,0,1597
2000-01-26,15,"New York, NY",SFO,"San Francisco, CA",1100,1144,1549,5,1436,1554,0,2586
2000-01-21,33,"New York, NY",LAX,"Los Angeles, CA",800,807,1123,3,1125,1126,0,2475
2000-01-28,19,"New York, NY",LAX,"Los Angeles, CA",1030,1038,1318,10,1350,1328,0,2475
2000-01-01,65,"New York, NY",SFO,"San Francisco, CA",1530,1530,1851,8,1907,1859,0,2586
2000-01-06,1165,"New York, NY",MIA,"Miami, FL",915,1044,1338,4,1230,1342,0,1090
2000-01-12,29,"New York, NY",LAX,"Los Angeles, CA",2000,1959,2322,5,2312,2327,0,2475
2000-01-12,655,"New York, NY",STT,"Charlotte Amalie, VI",800,759,1239,3,1301,1242,0,1623
2000-01-30,199,"New York, NY",LAX,"Los Angeles, CA",1700,,,,2019,,1,2475
2000-01-28,133,"New York, NY",LAX,"Los Angeles, CA",1615,1741,2032,13,1932,2045,0,2475
2000-01-21,15,"New York, NY",SFO,"San Francisco, CA",1100,1103,1502,4,1436,1506,0,2586
2000-01-27,21,"New York, NY",LAX,"Los Angeles, CA",1800,1803,2107,6,2127,2113,0,2475
2000-01-15,177,"New York, NY",SFO,"San Francisco, CA",1845,2003,2337,6,2231,2343,0,2586
2000-01-24,1397,"New York, NY",MIA,"Miami, FL",1445,1444,1746,11,1808,1757,0,1090
2000-01-15,117,"New York, NY",LAX,"Los Angeles, CA",1500,1457,1753,9,1818,1802,0,2475
2000-01-25,19,"New York, NY",LAX,"Los Angeles, CA",1030,,,,1350,,1,2475
2000-01-05,65,"New York, NY",SFO,"San Francisco, CA",1530,1632,1927,4,1907,1931,0,2586
2000-01-25,185,"New York, NY",LAX,"Los Angeles, CA",1900,,,,2221,,1,2475
2000-01-04,177,"New York, NY",SFO,"San Francisco, CA",1845,2024,2347,13,2231,2400,0,2586
2000-01-03,201,"New York, NY",LAX,"Los Angeles, CA",700,659,958,9,1022,1007,0,2475
2000-01-04,1169,"New York, NY",SJU,"San Juan, PR",1950,1953,40,3,49,43,0,1597
2000-01-31,59,"New York, NY",SFO,"San Francisco, CA",800,759,1102,3,1126,1105,0,2586
2000-01-17,1169,"New York, NY",SJU,"San Juan, PR",1950,1943,12,5,49,17,0,1597
2000-01-27,1,"New York, NY",LAX,"Los Angeles, CA",900,949,1226,4,1212,1230,0,2475
2000-01-13,1165,"New York, NY",MIA,"Miami, FL",915,917,1209,3,1230,1212,0,1090
2000-01-11,1,"New York, NY",LAX,"Los Angeles, CA",900,901,1158,10,1212,1208,0,2475
2000-01-04,133,"New York, NY",LAX,"Los Angeles, CA",1615,1700,1935,9,1932,1944,0,2475
2000-01-11,45,"New York, NY",SFO,"San Francisco, CA",1700,1658,2033,4,2038,2037,0,2586
2000-01-29,3,"New York, NY",LAX,"Los Angeles, CA",1200,1204,1451,5,1520,1456,0,2475
2000-01-30,231,"New York, NY",SJC,"San Jose, CA",1800,1809,2109,4,2139,2113,0,2570
2000-01-22,19,"New York, NY",LAX,"Los Angeles, CA",1030,1029,1338,4,1350,1342,0,2475
2000-01-18,1397,"New York, NY",MIA,"Miami, FL",1445,1444,1740,5,1808,1745,0,1090
2000-01-09,19,"New York, NY",LAX,"Los Angeles, CA",1030,1025,1315,4,1350,1319,0,2475
2000-01-07,133,"New York, NY",LAX,"Los Angeles, CA",1615,1615,1927,13,1932,1940,0,2475
2000-01-11,33,"New York, NY",LAX,"Los Angeles, CA",800,801,1105,4,1125,1109,0,2475
2000-01-19,199,"New York, NY",LAX,"Los Angeles, CA",1700,1711,2017,6,2019,2023,0,2475
2000-01-23,33,"New York, NY",LAX,"Los Angeles, CA",800,801,1128,14,1125,1142,0,2475
2000-01-17,65,"New York, NY",SFO,"San Francisco, CA",1530,1525,1907,5,1907,1912,0,2586
2000-01-30,3,"New York, NY",LAX,"Los Angeles, CA",1200,1211,1458,7,1520,1505,0,2475
2000-01-14,33,"New York, NY",LAX,"Los Angeles, CA",800,800,1102,9,1125,1111,0,2475
2000-01-11,185,"New York, NY",LAX,"Los Angeles, CA",1900,1900,2218,7,2221,2225,0,2475
2000-01-06,1972,"New York, NY",BOS,"Boston, MA",735,733,824,13,847,837,0,187
2000-01-15,989,"New York, NY",MIA,"Miami, FL",630,702,945,4,942,949,0,1090
2000-01-21,2397,"New York, NY",MIA,"Miami, FL",1930,1935,2221,14,2252,2235,0,1090
2000-01-10,185,"New York, NY",LAX,"Los Angeles, CA",1900,1914,2230,9,2221,2239,0,2475
2000-01-11,655,"New York, NY",STT,"Charlotte Amalie, VI",800,811,1252,5,1301,1257,0,1623
2000-01-16,3,"New York, NY",LAX,"Los Angeles, CA",1200,1228,1530,4,1520,1534,0,2475
2000-01-03,33,"New York, NY",LAX,"Los Angeles, CA",800,810,1113,23,1125,1136,0,2475
