2000-01-06,25,"Philadelphia, PA",LAX,"Los Angeles, CA",700,659,940,4,950,944,0,2401
2000-01-25,1061,"Philadelphia, PA",ORD,"Chicago, IL",1530,,,,1643,,1,678
2000-01-26,1808,"Philadelphia, PA",ORD,"Chicago, IL",2035,2052,2147,10,2144,2157,0,678
2000-01-03,1519,"Philadelphia, PA",DEN,"Denver, CO",820,819,1035,7,1039,1042,0,1557
2000-01-26,25,"Philadelphia, PA",LAX,"Los Angeles, CA",700,738,1108,4,950,1112,0,2401
2000-01-10,1875,"Philadelphia, PA",ORD,"Chicago, IL",1930,2010,2138,5,2045,2143,0,678
2000-01-02,1508,"Philadelphia, PA",DEN,"Denver, CO",1900,1902,2132,5,2109,2137,0,1557
2000-01-07,1967,"Philadelphia, PA",IAD,"Washington, DC",1530,1530,1620,4,1631,1624,0,134
2000-01-07,577,"Philadelphia, PA",ORD,"Chicago, IL",1630,1623,1733,7,1747,1740,0,678
2000-01-08,1047,"Philadelphia, PA",DEN,"Denver, CO",1035,1103,1253,4,1247,1257,0,1557
2000-01-10,1161,"Philadelphia, PA",ORD,"Chicago, IL",1730,1726,1834,6,1847,1840,0,678
2000-01-16,1875,"Philadelphia, PA",ORD,"Chicago, IL",1930,1926,2042,12,2045,2054,0,678
2000-01-25,1863,"Philadelphia, PA",ORD,"Chicago, IL",1230,,,,1338,,1,678
2000-01-11,577,"Philadelphia, PA",ORD,"Chicago, IL",1630,1627,1750,6,1747,1756,0,678
2000-01-22,1967,"Philadelphia, PA",IAD,"Washington, DC",1530,1528,1617,4,1631,1621,0,134
2000-01-03,25,"Philadelphia, PA",LAX,"Los Angeles, CA",700,656,952,8,954,1000,0,2401
2000-01-05,1043,"Philadelphia, PA",ORD,"Chicago, IL",930,930,1039,5,1039,1044,0,678
2000-01-20,1863,"Philadelphia, PA",ORD,"Chicago, IL",1230,,,,1338,,1,678
2000-01-31,1875,"Philadelphia, PA",ORD,"Chicago, IL",1930,2120,2235,3,2045,2238,0,678
2000-01-02,1765,"Philadelphia, PA",DEN,"Denver, CO",1450,1452,1702,7,1700,1709,0,1557
2000-01-28,1691,"Philadelphia, PA",DEN,"Denver, CO",1700,1657,1843,11,1908,1854,0,1557
2000-01-20,1861,"Philadelphia, PA",ORD,"Chicago, IL",1130,1132,1306,6,1240,1312,0,678
2000-01-04,1917,"Philadelphia, PA",ORD,"Chicago, IL",630,628,738,8,738,746,0,678
2000-01-23,203,"Philadelphia, PA",IAD,"Washington, DC",1950,2010,2108,6,2051,2114,0,134
2000-01-13,1061,"Philadelphia, PA",ORD,"Chicago, IL",1530,,,,1643,,1,678
2000-01-03,33,"Philadelphia, PA",SFO,"San Francisco, CA",900,856,1152,10,1207,1202,0,2521
2000-01-18,1875,"Philadelphia, PA",ORD,"Chicago, IL",1930,2028,2126,5,2045,2131,0,678
2000-01-24,1589,"Philadelphia, PA",DEN,"Denver, CO",1855,1851,2054,5,2101,2059,0,1557
2000-01-18,29,"Philadelphia, PA",LAX,"Los Angeles, CA",1805,1801,2111,5,2059,2116,0,2401
2000-01-26,33,"Philadelphia, PA",SFO,"San Francisco, CA",900,910,1218,7,1202,1225,0,2521
2000-01-06,203,"Philadelphia, PA",IAD,"Washington, DC",1950,1948,2101,8,2051,2109,0,134
2000-01-29,1967,"Philadelphia, PA",IAD,"Washington, DC",1530,1526,1613,4,1631,1617,0,134
2000-01-16,25,"Philadelphia, PA",LAX,"Los Angeles, CA",700,702,936,4,950,940,0,2401
2000-01-11,1043,"Philadelphia, PA",ORD,"Chicago, IL",930,929,1028,7,1038,1035,0,678
2000-01-02,29,"Philadelphia, PA",LAX,"Los Angeles, CA",1800,1800,2049,3,2058,2052,0,2401
2000-01-17,1589,"Philadelphia, PA",DEN,"Denver, CO",1855,1852,2055,6,2101,2101,0,1557
2000-01-31,1043,"Philadelphia, PA",ORD,"Chicago, IL",930,926,1024,6,1038,1030,0,678
2000-01-30,1865,"Philadelphia, PA",ORD,"Chicago, IL",1330,1330,1441,6,1441,1447,0,678
2000-01-23,1047,"Philadelphia, PA",DEN,"Denver, CO",1035,,,,1247,,1,1557
2000-01-11,111,"Philadelphia, PA",ORD,"Chicago, IL",1030,1028,1140,5,1141,1145,0,678
2000-01-13,25,"Philadelphia, PA",LAX,"Los Angeles, CA",700,,,,950,,1,2401
2000-01-22,111,"Philadelphia, PA",ORD,"Chicago, IL",1030,1025,1155,10,1144,1205,0,678
2000-01-03,1765,"Philadelphia, PA",DEN,"Denver, CO",1450,1449,1647,9,1700,1656,0,1557
2000-01-25,1851,"Philadelphia, PA",ORD,"Chicago, IL",630,,,,737,,1,678
2000-01-11,1863,"Philadelphia, PA",ORD,"Chicago, IL",1230,1230,1333,5,1338,1338,0,678
2000-01-16,1156,"Philadelphia, PA",ORD,"Chicago, IL",1830,1826,1953,9,1950,2002,0,678
2000-01-12,111,"Philadelphia, PA",ORD,"Chicago, IL",1030,1026,1142,10,1141,1152,0,678
2000-01-05,203,"Philadelphia, PA",IAD,"Washington, DC",1950,1958,2100,4,2051,2104,0,134
2000-01-06,1165,"Philadelphia, PA",DEN,"Denver, CO",1450,1448,1646,7,1657,1653,0,1557
2000-01-26,31,"Philadelphia, PA",SFO,"San Francisco, CA",700,725,1034,4,1011,1038,0,2521
2000-01-21,35,"Philadelphia, PA",SFO,"San Francisco, CA",1715,1714,2038,8,2022,2046,0,2521
2000-01-05,1851,"Philadelphia, PA",ORD,"Chicago, IL",630,,,,737,,1,678
2000-01-27,1865,"Philadelphia, PA",ORD,"Chicago, IL",1330,1327,1431,8,1441,1439,0,678
2000-01-18,577,"Philadelphia, PA",ORD,"Chicago, IL",1630,1628,1734,6,1747,1740,0,678
2000-01-18,1589,"Philadelphia, PA",DEN,"Denver, CO",1855,1919,2125,7,2101,2132,0,1557
2000-01-28,1043,"Philadelphia, PA",ORD,"Chicago, IL",930,930,1030,7,1038,1037,0,678
2000-01-12,27,"Philadelphia, PA",LAX,"Los Angeles, CA",1215,1213,1510,8,1509,1518,0,2401
2000-01-03,35,"Philadelphia, PA",SFO,"San Francisco, CA",1715,1711,2000,7,2027,2007,0,2521
2000-01-01,1508,"Philadelphia, PA",DEN,"Denver, CO",1900,1940,2129,4,2109,2133,0,1557
2000-01-15,27,"Philadelphia, PA",LAX,"Los Angeles, CA",1215,1212,1447,5,1509,1452,0,2401
2000-01-20,577,"Philadelphia, PA",ORD,"Chicago, IL",1630,1641,1841,8,1747,1849,0,678
2000-01-26,35,"Philadelphia, PA",SFO,"San Francisco, CA",1715,,,,2022,,1,2521
2000-01-10,111,"Philadelphia, PA",ORD,"Chicago, IL",1030,1034,1152,7,1141,1159,0,678
2000-01-08,1043,"Philadelphia, PA",ORD,"Chicago, IL",930,928,1038,5,1038,1043,0,678
2000-01-31,1691,"Philadelphia, PA",DEN,"Denver, CO",1700,1655,1850,5,1908,1855,0,1557
2000-01-23,35,"Philadelphia, PA",SFO,"San Francisco, CA",1715,1716,2039,10,2022,2049,0,2521
2000-01-15,1165,"Philadelphia, PA",DEN,"Denver, CO",1450,1450,1656,5,1657,1701,0,1557
2000-01-18,1863,"Philadelphia, PA",ORD,"Chicago, IL",1230,,,,1338,,1,678
2000-01-21,1875,"Philadelphia, PA",ORD,"Chicago, IL",1930,1926,2030,11,2045,2041,0,678
2000-01-03,1863,"Philadelphia, PA",ORD,"Chicago, IL",1230,1229,1351,7,1339,1358,0,678
2000-01-20,1855,"Philadelphia, PA",ORD,"Chicago, IL",830,,,,946,,1,678
2000-01-05,1967,"Philadelphia, PA",IAD,"Washington, DC",1530,1528,1626,7,1631,1633,0,134
2000-01-06,1863,"Philadelphia, PA",ORD,"Chicago, IL",1230,,,,1338,,1,678
2000-01-22,1165,"Philadelphia, PA",DEN,"Denver, CO",1450,1457,1702,9,1657,1711,0,1557
2000-01-28,577,"Philadelphia, PA",ORD,"Chicago, IL",1630,1630,1722,12,1747,1734,0,678
2000-01-13,1863,"Philadelphia, PA",ORD,"Chicago, IL",1230,1251,1406,6,1338,1412,0,678
2000-01-28,33,"Philadelphia, PA",SFO,"San Francisco, CA",900,900,1128,5,1202,1133,0,2521
2000-01-10,1863,"Philadelphia, PA",ORD,"Chicago, IL",1230,1231,1345,4,1338,1349,0,678
2000-01-29,27,"Philadelphia, PA",LAX,"Los Angeles, CA",1215,1215,1433,5,1509,1438,0,2401
2000-01-10,1808,"Philadelphia, PA",ORD,"Chicago, IL",2035,2143,2307,2,2144,2309,0,678
2000-01-04,1508,"Philadelphia, PA",DEN,"Denver, CO",1900,1940,2135,9,2109,2144,0,1557
2000-01-26,1061,"Philadelphia, PA",ORD,"Chicago, IL",1530,1556,1645,11,1643,1656,0,678
2000-01-18,31,"Philadelphia, PA",SFO,"San Francisco, CA",700,657,1113,6,1011,1119,0,2521
2000-01-10,1061,"Philadelphia, PA",ORD,"Chicago, IL",1530,1527,1721,6,1643,1727,0,678
2000-01-18,1157,"Philadelphia, PA",DEN,"Denver, CO",825,833,1056,8,1041,1104,0,1557
2000-01-18,203,"Philadelphia, PA",IAD,"Washington, DC",1950,1945,2047,3,2051,2050,0,134
2000-01-25,203,"Philadelphia, PA",IAD,"Washington, DC",1950,,,,2051,,1,134
2000-01-17,1855,"Philadelphia, PA",ORD,"Chicago, IL",830,829,941,8,946,949,0,678
2000-01-08,27,"Philadelphia, PA",LAX,"Los Angeles, CA",1215,1213,1446,6,1509,1452,0,2401
2000-01-28,1875,"Philadelphia, PA",ORD,"Chicago, IL",1930,1959,2102,13,2045,2115,0,678
2000-01-25,1861,"Philadelphia, PA",ORD,"Chicago, IL",1130,,,,1240,,1,678
2000-01-29,1043,"Philadelphia, PA",ORD,"Chicago, IL",930,931,1027,11,1038,1038,0,678
2000-01-22,27,"Philadelphia, PA",LAX,"Los Angeles, CA",1215,,,,1509,,1,2401
2000-01-04,1855,"Philadelphia, PA",ORD,"Chicago, IL",830,827,944,7,947,951,0,678
2000-01-04,1767,"Philadelphia, PA",IAD,"Washington, DC",1949,2109,2158,6,2050,2204,0,134
2000-01-27,1863,"Philadelphia, PA",ORD,"Chicago, IL",1230,1258,1354,9,1338,1403,0,678
2000-01-24,31,"Philadelphia, PA",SFO,"San Francisco, CA",700,658,1059,3,1011,1102,0,2521
2000-01-03,29,"Philadelphia, PA",LAX,"Los Angeles, CA",1800,1806,2034,4,2058,2038,0,2401
2000-01-14,1863,"Philadelphia, PA",ORD,"Chicago, IL",1230,1229,1328,8,1338,1336,0,678
2000-01-31,1967,"Philadelphia, PA",IAD,"Washington, DC",1530,,,,1631,,1,134
2000-01-28,203,"Philadelphia, PA",IAD,"Washington, DC",1950,1954,2043,3,2051,2046,0,134
2000-01-04,1859,"Philadelphia, PA",ORD,"Chicago, IL",1030,1034,1138,4,1145,1142,0,678
2000-01-21,1589,"Philadelphia, PA",DEN,"Denver, CO",1855,1857,2108,6,2101,2114,0,1557
2000-01-02,1865,"Philadelphia, PA",ORD,"Chicago, IL",1330,1327,1441,7,1442,1448,0,678
2000-01-23,1043,"Philadelphia, PA",ORD,"Chicago, IL",930,929,1045,7,1038,1052,0,678
2000-01-11,1157,"Philadelphia, PA",DEN,"Denver, CO",825,824,1105,9,1041,1114,0,1557
2000-01-16,31,"Philadelphia, PA",SFO,"San Francisco, CA",700,655,1008,3,1011,1011,0,2521
2000-01-20,27,"Philadelphia, PA",LAX,"Los Angeles, CA",1215,1212,1544,5,1509,1549,0,2401
2000-01-22,599,"Philadelphia, PA",ORD,"Chicago, IL",730,,,,844,,1,678
2000-01-20,1691,"Philadelphia, PA",DEN,"Denver, CO",1700,1705,1933,4,1908,1937,0,1557
2000-01-20,35,"Philadelphia, PA",SFO,"San Francisco, CA",1715,1725,2121,6,2022,2127,0,2521
2000-01-09,1047,"Philadelphia, PA",DEN,"Denver, CO",1035,1029,1239,10,1247,1249,0,1557
2000-01-24,1691,"Philadelphia, PA",DEN,"Denver, CO",1700,1657,1902,4,1908,1906,0,1557
2000-01-05,1875,"Philadelphia, PA",ORD,"Chicago, IL",1930,1926,2037,4,2045,2041,0,678
2000-01-03,1097,"Philadelphia, PA",ORD,"Chicago, IL",930,928,1033,7,1043,1040,0,678
2000-01-13,1851,"Philadelphia, PA",ORD,"Chicago, IL",630,630,812,3,737,815,0,678
2000-01-12,1043,"Philadelphia, PA",ORD,"Chicago, IL",930,927,1029,13,1038,1042,0,678
2000-01-21,1061,"Philadelphia, PA",ORD,"Chicago, IL",1530,1530,1638,12,1643,1650,0,678
2000-01-14,1061,"Philadelphia, PA",ORD,"Chicago, IL",1530,1528,1634,5,1643,1639,0,678
2000-01-03,571,"Philadelphia, PA",ORD,"Chicago, IL",2035,,,,2140,,1,678
2000-01-17,1691,"Philadelphia, PA",DEN,"Denver, CO",1700,1658,1907,4,1908,1911,0,1557
2000-01-25,577,"Philadelphia, PA",ORD,"Chicago, IL",1630,,,,1747,,1,678
2000-01-08,1157,"Philadelphia, PA",DEN,"Denver, CO",825,821,1041,7,1041,1048,0,1557
2000-01-01,1765,"Philadelphia, PA",DEN,"Denver, CO",1450,1448,1654,7,1700,1701,0,1557
2000-01-16,1589,"Philadelphia, PA",DEN,"Denver, CO",1855,1908,2113,7,2101,2120,0,1557
2000-01-29,33,"Philadelphia, PA",SFO,"San Francisco, CA",900,901,1118,8,1202,1126,0,2521
2000-01-02,571,"Philadelphia, PA",ORD,"Chicago, IL",2035,2129,2240,8,2140,2248,0,678
2000-01-06,1865,"Philadelphia, PA",ORD,"Chicago, IL",1330,1328,1439,6,1441,1445,0,678
2000-01-18,1967,"Philadelphia, PA",IAD,"Washington, DC",1530,1529,1624,5,1631,1629,0,134
2000-01-16,1161,"Philadelphia, PA",ORD,"Chicago, IL",1730,1726,1844,7,1847,1851,0,678
2000-01-26,1855,"Philadelphia, PA",ORD,"Chicago, IL",830,920,1048,4,946,1052,0,678
2000-01-21,1165,"Philadelphia, PA",DEN,"Denver, CO",1450,1452,1714,7,1657,1721,0,1557
2000-01-27,1808,"Philadelphia, PA",ORD,"Chicago, IL",2035,2038,2144,7,2144,2151,0,678
2000-01-18,1851,"Philadelphia, PA",ORD,"Chicago, IL",630,626,732,12,737,744,0,678
2000-01-13,1047,"Philadelphia, PA",DEN,"Denver, CO",1035,1036,1318,4,1247,1322,0,1557
2000-01-04,27,"Philadelphia, PA",LAX,"Los Angeles, CA",1225,1225,1454,2,1523,1456,0,2401
2000-01-03,1508,"Philadelphia, PA",DEN,"Denver, CO",1900,1856,2101,5,2109,2106,0,1557
2000-01-05,25,"Philadelphia, PA",LAX,"Los Angeles, CA",700,758,1052,9,950,1101,0,2401
2000-01-14,203,"Philadelphia, PA",IAD,"Washington, DC",1950,1957,2059,7,2051,2106,0,134
2000-01-06,1161,"Philadelphia, PA",ORD,"Chicago, IL",1730,,,,1847,,1,678
2000-01-06,599,"Philadelphia, PA",ORD,"Chicago, IL",730,727,841,3,844,844,0,678
2000-01-27,1861,"Philadelphia, PA",ORD,"Chicago, IL",1130,1130,1225,8,1240,1233,0,678
2000-01-19,111,"Philadelphia, PA",ORD,"Chicago, IL",1030,1025,1131,2,1141,1133,0,678
2000-01-14,1156,"Philadelphia, PA",ORD,"Chicago, IL",1830,1827,1935,12,1950,1947,0,678
2000-01-11,1861,"Philadelphia, PA",ORD,"Chicago, IL",1130,1128,1235,5,1240,1240,0,678
2000-01-03,1855,"Philadelphia, PA",ORD,"Chicago, IL",830,829,946,10,947,956,0,678
2000-01-19,25,"Philadelphia, PA",LAX,"Los Angeles, CA",700,657,958,4,950,1002,0,2401
2000-01-14,33,"Philadelphia, PA",SFO,"San Francisco, CA",900,855,1206,8,1202,1214,0,2521
2000-01-08,25,"Philadelphia, PA",LAX,"Los Angeles, CA",700,659,939,4,950,943,0,2401
2000-01-11,599,"Philadelphia, PA",ORD,"Chicago, IL",730,726,839,5,844,844,0,678
2000-01-07,1865,"Philadelphia, PA",ORD,"Chicago, IL",1330,1329,1436,5,1441,1441,0,678
2000-01-30,27,"Philadelphia, PA",LAX,"Los Angeles, CA",1215,1213,1442,7,1509,1449,0,2401
2000-01-04,571,"Philadelphia, PA",ORD,"Chicago, IL",2035,2205,2258,4,2140,2302,0,678
2000-01-03,1956,"Philadelphia, PA",DEN,"Denver, CO",1135,1132,1337,9,1350,1346,0,1557
2000-01-06,31,"Philadelphia, PA",SFO,"San Francisco, CA",700,654,942,4,1011,946,0,2521
2000-01-27,1043,"Philadelphia, PA",ORD,"Chicago, IL",930,930,1025,13,1038,1038,0,678
2000-01-03,1767,"Philadelphia, PA",IAD,"Washington, DC",1949,1959,2054,6,2050,2100,0,134
2000-01-27,1061,"Philadelphia, PA",ORD,"Chicago, IL",1530,1528,1628,12,1643,1640,0,678
2000-01-02,149,"Philadelphia, PA",ORD,"Chicago, IL",1530,1642,1757,6,1644,1803,0,678
2000-01-21,27,"Philadelphia, PA",LAX,"Los Angeles, CA",1215,1212,1518,5,1509,1523,0,2401
2000-01-23,31,"Philadelphia, PA",SFO,"San Francisco, CA",700,701,1028,5,1011,1033,0,2521
2000-01-21,29,"Philadelphia, PA",LAX,"Los Angeles, CA",1805,1803,2120,5,2059,2125,0,2401
2000-01-10,577,"Philadelphia, PA",ORD,"Chicago, IL",1630,1631,1737,7,1747,1744,0,678
2000-01-14,599,"Philadelphia, PA",ORD,"Chicago, IL",730,726,821,10,844,831,0,678
2000-01-02,33,"Philadelphia, PA",SFO,"San Francisco, CA",900,900,1206,5,1207,1211,0,2521
2000-01-10,35,"Philadelphia, PA",SFO,"San Francisco, CA",1715,1712,2015,6,2022,2021,0,2521
2000-01-20,31,"Philadelphia, PA",SFO,"San Francisco, CA",700,707,1113,4,1011,1117,0,2521
2000-01-16,1865,"Philadelphia, PA",ORD,"Chicago, IL",1330,1326,1437,9,1441,1446,0,678
2000-01-13,1691,"Philadelphia, PA",DEN,"Denver, CO",1700,1659,1915,6,1908,1921,0,1557
2000-01-11,27,"Philadelphia, PA",LAX,"Los Angeles, CA",1215,1212,1501,6,1509,1507,0,2401
2000-01-21,1157,"Philadelphia, PA",DEN,"Denver, CO",825,826,1053,10,1041,1103,0,1557
2000-01-10,1851,"Philadelphia, PA",ORD,"Chicago, IL",630,628,731,4,737,735,0,678
2000-01-10,27,"Philadelphia, PA",LAX,"Los Angeles, CA",1215,1212,1501,14,1509,1515,0,2401
2000-01-10,25,"Philadelphia, PA",LAX,"Los Angeles, CA",700,656,940,10,950,950,0,2401
2000-01-18,1861,"Philadelphia, PA",ORD,"Chicago, IL",1130,1128,1252,4,1240,1256,0,678
2000-01-20,599,"Philadelphia, PA",ORD,"Chicago, IL",730,732,923,5,844,928,0,678
2000-01-28,1157,"Philadelphia, PA",DEN,"Denver, CO",825,825,1014,6,1041,1020,0,1557
2000-01-05,1047,"Philadelphia, PA",DEN,"Denver, CO",1035,1032,1239,10,1247,1249,0,1557
2000-01-17,33,"Philadelphia, PA",SFO,"San Francisco, CA",900,856,1227,4,1202,1231,0,2521
2000-01-18,33,"Philadelphia, PA",SFO,"San Francisco, CA",900,1142,1518,6,1202,1524,0,2521
2000-01-30,203,"Philadelphia, PA",IAD,"Washington, DC",1950,,,,2051,,1,134
2000-01-11,35,"Philadelphia, PA",SFO,"San Francisco, CA",1715,1712,2051,7,2022,2058,0,2521
2000-01-12,1851,"Philadelphia, PA",ORD,"Chicago, IL",630,626,756,7,737,803,0,678
2000-01-04,33,"Philadelphia, PA",SFO,"San Francisco, CA",900,900,1205,5,1207,1210,0,2521
2000-01-02,27,"Philadelphia, PA",LAX,"Los Angeles, CA",1225,1227,1517,4,1523,1521,0,2401
2000-01-02,1869,"Philadelphia, PA",ORD,"Chicago, IL",1630,1729,1850,4,1748,1854,0,678
2000-01-29,599,"Philadelphia, PA",ORD,"Chicago, IL",730,740,832,7,844,839,0,678
2000-01-13,1161,"Philadelphia, PA",ORD,"Chicago, IL",1730,1731,1839,9,1847,1848,0,678
2000-01-01,27,"Philadelphia, PA",LAX,"Los Angeles, CA",1225,1254,1539,6,1523,1545,0,2401
2000-01-28,1589,"Philadelphia, PA",DEN,"Denver, CO",1855,1858,2040,5,2101,2045,0,1557
2000-01-03,1873,"Philadelphia, PA",ORD,"Chicago, IL",1940,,,,2055,,1,678
2000-01-07,1851,"Philadelphia, PA",ORD,"Chicago, IL",630,628,747,5,737,752,0,678
2000-01-19,1691,"Philadelphia, PA",DEN,"Denver, CO",1700,1658,1906,9,1908,1915,0,1557
2000-01-26,1967,"Philadelphia, PA",IAD,"Washington, DC",1530,1557,1650,5,1631,1655,0,134
2000-01-21,1863,"Philadelphia, PA",ORD,"Chicago, IL",1230,1226,1326,6,1338,1332,0,678
2000-01-28,1851,"Philadelphia, PA",ORD,"Chicago, IL",630,633,738,6,737,744,0,678
2000-01-26,27,"Philadelphia, PA",LAX,"Los Angeles, CA",1215,1221,1450,5,1509,1455,0,2401
2000-01-29,1161,"Philadelphia, PA",ORD,"Chicago, IL",1730,1725,1832,9,1847,1841,0,678
2000-01-04,29,"Philadelphia, PA",LAX,"Los Angeles, CA",1800,1759,2030,15,2058,2045,0,2401
2000-01-27,1165,"Philadelphia, PA",DEN,"Denver, CO",1450,1446,1632,4,1657,1636,0,1557
2000-01-31,31,"Philadelphia, PA",SFO,"San Francisco, CA",700,,,,1011,,1,2521
2000-01-16,1043,"Philadelphia, PA",ORD,"Chicago, IL",930,924,1038,8,1038,1046,0,678
2000-01-21,1967,"Philadelphia, PA",IAD,"Washington, DC",1530,1528,1621,5,1631,1626,0,134
2000-01-29,29,"Philadelphia, PA",LAX,"Los Angeles, CA",1805,1800,2028,4,2059,2032,0,2401
2000-01-20,1808,"Philadelphia, PA",ORD,"Chicago, IL",2035,,,,2144,,1,678
2000-01-28,1165,"Philadelphia, PA",DEN,"Denver, CO",1450,1451,1632,4,1657,1636,0,1557
2000-01-31,25,"Philadelphia, PA",LAX,"Los Angeles, CA",700,702,924,7,950,931,0,2401
2000-01-30,1589,"Philadelphia, PA",DEN,"Denver, CO",1855,,,,2101,,1,1557
2000-01-24,1863,"Philadelphia, PA",ORD,"Chicago, IL",1230,1227,1325,16,1338,1341,0,678
2000-01-28,1967,"Philadelphia, PA",IAD,"Washington, DC",1530,1526,1621,4,1631,1625,0,134
2000-01-22,1061,"Philadelphia, PA",ORD,"Chicago, IL",1530,1525,1634,7,1643,1641,0,678
2000-01-10,31,"Philadelphia, PA",SFO,"San Francisco, CA",700,657,1010,3,1011,1013,0,2521
2000-01-15,31,"Philadelphia, PA",SFO,"San Francisco, CA",700,659,954,4,1011,958,0,2521
2000-01-07,25,"Philadelphia, PA",LAX,"Los Angeles, CA",700,707,937,5,950,942,0,2401
2000-01-17,27,"Philadelphia, PA",LAX,"Los Angeles, CA",1215,,,,1509,,1,2401
2000-01-05,1691,"Philadelphia, PA",DEN,"Denver, CO",1700,1658,1914,6,1908,1920,0,1557
2000-01-30,599,"Philadelphia, PA",ORD,"Chicago, IL",730,731,822,4,841,826,0,678
2000-01-31,577,"Philadelphia, PA",ORD,"Chicago, IL",1630,1627,1748,6,1747,1754,0,678
2000-01-13,1156,"Philadelphia, PA",ORD,"Chicago, IL",1830,1831,1935,13,1950,1948,0,678
2000-01-19,577,"Philadelphia, PA",ORD,"Chicago, IL",1630,,,,1747,,1,678
2000-01-22,1157,"Philadelphia, PA",DEN,"Denver, CO",825,831,1052,4,1041,1056,0,1557
2000-01-28,1161,"Philadelphia, PA",ORD,"Chicago, IL",1730,1728,1826,11,1847,1837,0,678
2000-01-28,1861,"Philadelphia, PA",ORD,"Chicago, IL",1130,1130,1225,10,1240,1235,0,678
2000-01-26,1161,"Philadelphia, PA",ORD,"Chicago, IL",1730,1732,1830,15,1847,1845,0,678
2000-01-31,27,"Philadelphia, PA",LAX,"Los Angeles, CA",1215,1214,1436,22,1509,1458,0,2401
2000-01-26,1851,"Philadelphia, PA",ORD,"Chicago, IL",630,653,754,4,737,758,0,678
2000-01-01,1873,"Philadelphia, PA",ORD,"Chicago, IL",1940,1939,2037,15,2055,2052,0,678
2000-01-14,1691,"Philadelphia, PA",DEN,"Denver, CO",1700,1658,1911,9,1908,1920,0,1557
2000-01-19,1863,"Philadelphia, PA",ORD,"Chicago, IL",1230,1226,1333,7,1338,1340,0,678
2000-01-21,1855,"Philadelphia, PA",ORD,"Chicago, IL",830,827,943,5,946,948,0,678
2000-01-09,27,"Philadelphia, PA",LAX,"Los Angeles, CA",1215,1213,1451,5,1509,1456,0,2401
2000-01-07,33,"Philadelphia, PA",SFO,"San Francisco, CA",900,856,1151,4,1202,1155,0,2521
2000-01-27,1875,"Philadelphia, PA",ORD,"Chicago, IL",1930,1935,2042,11,2045,2053,0,678
2000-01-16,1165,"Philadelphia, PA",DEN,"Denver, CO",1450,1445,1659,7,1657,1706,0,1557
2000-01-07,35,"Philadelphia, PA",SFO,"San Francisco, CA",1715,1713,2002,6,2022,2008,0,2521
2000-01-14,1161,"Philadelphia, PA",ORD,"Chicago, IL",1730,1727,1846,8,1847,1854,0,678
2000-01-10,1157,"Philadelphia, PA",DEN,"Denver, CO",825,824,1037,9,1041,1046,0,1557
2000-01-19,1861,"Philadelphia, PA",ORD,"Chicago, IL",1130,1128,1237,3,1240,1240,0,678
2000-01-08,1156,"Philadelphia, PA",ORD,"Chicago, IL",1830,1827,1933,9,1950,1942,0,678
2000-01-16,33,"Philadelphia, PA",SFO,"San Francisco, CA",900,857,1221,6,1202,1227,0,2521
2000-01-17,1865,"Philadelphia, PA",ORD,"Chicago, IL",1330,1327,1449,4,1441,1453,0,678
2000-01-15,1967,"Philadelphia, PA",IAD,"Washington, DC",1530,1529,1611,4,1631,1615,0,134
2000-01-23,1863,"Philadelphia, PA",ORD,"Chicago, IL",1230,1225,1348,4,1338,1352,0,678
2000-01-31,1047,"Philadelphia, PA",DEN,"Denver, CO",1035,1032,1216,4,1247,1220,0,1557
2000-01-30,1061,"Philadelphia, PA",ORD,"Chicago, IL",1530,1531,1638,5,1643,1643,0,678
2000-01-27,1851,"Philadelphia, PA",ORD,"Chicago, IL",630,626,729,9,737,738,0,678
2000-01-23,1157,"Philadelphia, PA",DEN,"Denver, CO",825,824,1055,7,1041,1102,0,1557
2000-01-29,1061,"Philadelphia, PA",ORD,"Chicago, IL",1530,,,,1643,,1,678
2000-01-17,35,"Philadelphia, PA",SFO,"San Francisco, CA",1715,1711,2024,8,2022,2032,0,2521
2000-01-21,25,"Philadelphia, PA",LAX,"Los Angeles, CA",700,703,1010,4,950,1014,0,2401
2000-01-10,1589,"Philadelphia, PA",DEN,"Denver, CO",1855,1912,2112,6,2101,2118,0,1557
2000-01-30,29,"Philadelphia, PA",LAX,"Los Angeles, CA",1805,1801,2111,8,2059,2119,0,2401
2000-01-14,35,"Philadelphia, PA",SFO,"San Francisco, CA",1715,1711,2015,7,2022,2022,0,2521
2000-01-13,33,"Philadelphia, PA",SFO,"San Francisco, CA",900,857,1252,7,1202,1259,0,2521
2000-01-31,1855,"Philadelphia, PA",ORD,"Chicago, IL",830,,,,946,,1,678
2000-01-30,1047,"Philadelphia, PA",DEN,"Denver, CO",1035,1040,1221,4,1247,1225,0,1557
2000-01-12,33,"Philadelphia, PA",SFO,"San Francisco, CA",900,858,1230,5,1202,1235,0,2521
2000-01-31,1851,"Philadelphia, PA",ORD,"Chicago, IL",630,,,,737,,1,678
2000-01-13,1861,"Philadelphia, PA",ORD,"Chicago, IL",1130,1204,1333,8,1240,1341,0,678
2000-01-31,33,"Philadelphia, PA",SFO,"San Francisco, CA",900,858,1155,6,1202,1201,0,2521
2000-01-07,1589,"Philadelphia, PA",DEN,"Denver, CO",1855,1850,2052,10,2101,2102,0,1557
2000-01-11,1589,"Philadelphia, PA",DEN,"Denver, CO",1855,1855,2110,7,2101,2117,0,1557
2000-01-25,27,"Philadelphia, PA",LAX,"Los Angeles, CA",1215,,,,1509,,1,2401
2000-01-25,1165,"Philadelphia, PA",DEN,"Denver, CO",1450,,,,1657,,1,1557
2000-01-18,1161,"Philadelphia, PA",ORD,"Chicago, IL",1730,1729,1840,6,1847,1846,0,678
2000-01-25,1855,"Philadelphia, PA",ORD,"Chicago, IL",830,,,,946,,1,678
2000-01-21,1861,"Philadelphia, PA",ORD,"Chicago, IL",1130,1125,1230,4,1240,1234,0,678
2000-01-25,1043,"Philadelphia, PA",ORD,"Chicago, IL",930,,,,1038,,1,678
2000-01-20,1589,"Philadelphia, PA",DEN,"Denver, CO",1855,2111,34,8,2101,42,0,1557
2000-01-30,111,"Philadelphia, PA",ORD,"Chicago, IL",1030,1029,1116,6,1141,1122,0,678
2000-01-29,1157,"Philadelphia, PA",DEN,"Denver, CO",825,825,1012,7,1041,1019,0,1557
2000-01-11,33,"Philadelphia, PA",SFO,"San Francisco, CA",900,858,1247,6,1202,1253,0,2521
2000-01-26,1047,"Philadelphia, PA",DEN,"Denver, CO",1035,1040,1246,5,1247,1251,0,1557
2000-01-06,1157,"Philadelphia, PA",DEN,"Denver, CO",825,825,1102,5,1041,1107,0,1557
2000-01-04,25,"Philadelphia, PA",LAX,"Los Angeles, CA",700,657,915,7,954,922,0,2401
2000-01-09,599,"Philadelphia, PA",ORD,"Chicago, IL",730,731,840,9,841,849,0,678
2000-01-23,1875,"Philadelphia, PA",ORD,"Chicago, IL",1930,1929,2043,4,2045,2047,0,678
2000-01-13,1855,"Philadelphia, PA",ORD,"Chicago, IL",830,826,953,4,946,957,0,678
2000-01-12,1165,"Philadelphia, PA",DEN,"Denver, CO",1450,1448,1702,6,1657,1708,0,1557
2000-01-12,29,"Philadelphia, PA",LAX,"Los Angeles, CA",1805,1802,2131,9,2059,2140,0,2401
2000-01-10,1861,"Philadelphia, PA",ORD,"Chicago, IL",1130,1209,1315,6,1240,1321,0,678
2000-01-14,31,"Philadelphia, PA",SFO,"San Francisco, CA",700,656,1000,4,1011,1004,0,2521
2000-01-06,1855,"Philadelphia, PA",ORD,"Chicago, IL",830,826,1004,5,946,1009,0,678
2000-01-07,1061,"Philadelphia, PA",ORD,"Chicago, IL",1530,1536,1636,5,1643,1641,0,678
2000-01-13,1808,"Philadelphia, PA",ORD,"Chicago, IL",2035,2033,2138,5,2144,2143,0,678
2000-01-06,1967,"Philadelphia, PA",IAD,"Washington, DC",1530,1527,1621,4,1631,1625,0,134
2000-01-26,1861,"Philadelphia, PA",ORD,"Chicago, IL",1130,,,,1240,,1,678
2000-01-29,1165,"Philadelphia, PA",DEN,"Denver, CO",1450,1454,1639,7,1657,1646,0,1557
2000-01-30,1156,"Philadelphia, PA",ORD,"Chicago, IL",1830,2119,2241,6,1950,2247,0,678
2000-01-16,35,"Philadelphia, PA",SFO,"San Francisco, CA",1715,1714,2028,6,2022,2034,0,2521
2000-01-16,599,"Philadelphia, PA",ORD,"Chicago, IL",730,728,840,8,841,848,0,678
2000-01-17,1967,"Philadelphia, PA",IAD,"Washington, DC",1530,1544,1631,3,1631,1634,0,134
2000-01-29,1156,"Philadelphia, PA",ORD,"Chicago, IL",1830,1827,1933,8,1950,1941,0,678
2000-01-13,599,"Philadelphia, PA",ORD,"Chicago, IL",730,727,845,5,844,850,0,678
2000-01-28,111,"Philadelphia, PA",ORD,"Chicago, IL",1030,1025,1126,7,1141,1133,0,678
2000-01-30,1875,"Philadelphia, PA",ORD,"Chicago, IL",1930,,,,2045,,1,678
2000-01-18,1165,"Philadelphia, PA",DEN,"Denver, CO",1450,1446,1705,6,1657,1711,0,1557
2000-01-30,1161,"Philadelphia, PA",ORD,"Chicago, IL",1730,1728,1840,22,1847,1902,0,678
2000-01-20,25,"Philadelphia, PA",LAX,"Los Angeles, CA",700,705,1013,4,950,1017,0,2401
2000-01-02,1956,"Philadelphia, PA",DEN,"Denver, CO",1135,1133,1340,5,1350,1345,0,1557
2000-01-18,1865,"Philadelphia, PA",ORD,"Chicago, IL",1330,1327,1431,5,1441,1436,0,678
2000-01-22,25,"Philadelphia, PA",LAX,"Los Angeles, CA",700,702,1000,64,950,1104,0,2401
2000-01-27,203,"Philadelphia, PA",IAD,"Washington, DC",1950,1949,2038,4,2051,2042,0,134
2000-01-11,1156,"Philadelphia, PA",ORD,"Chicago, IL",1830,1829,2005,7,1950,2012,0,678
2000-01-28,599,"Philadelphia, PA",ORD,"Chicago, IL",730,731,828,4,844,832,0,678
2000-01-15,1047,"Philadelphia, PA",DEN,"Denver, CO",1035,1032,1234,7,1247,1241,0,1557
2000-01-06,33,"Philadelphia, PA",SFO,"San Francisco, CA",900,852,1204,5,1202,1209,0,2521
2000-01-12,1861,"Philadelphia, PA",ORD,"Chicago, IL",1130,1125,1241,7,1240,1248,0,678
2000-01-10,1855,"Philadelphia, PA",ORD,"Chicago, IL",830,827,944,9,946,953,0,678
2000-01-28,29,"Philadelphia, PA",LAX,"Los Angeles, CA",1805,1803,2027,4,2059,2031,0,2401
2000-01-26,1043,"Philadelphia, PA",ORD,"Chicago, IL",930,937,1139,21,1038,1200,0,678
2000-01-07,1855,"Philadelphia, PA",ORD,"Chicago, IL",830,829,951,4,946,955,0,678
2000-01-24,599,"Philadelphia, PA",ORD,"Chicago, IL",730,730,827,8,844,835,0,678
2000-01-31,1865,"Philadelphia, PA",ORD,"Chicago, IL",1330,1326,1450,5,1441,1455,0,678
2000-01-31,1156,"Philadelphia, PA",ORD,"Chicago, IL",1830,2022,2137,5,1950,2142,0,678
2000-01-30,1043,"Philadelphia, PA",ORD,"Chicago, IL",930,949,1041,14,1038,1055,0,678
2000-01-23,1156,"Philadelphia, PA",ORD,"Chicago, IL",1830,1834,1957,5,1950,2002,0,678
2000-01-06,1875,"Philadelphia, PA",ORD,"Chicago, IL",1930,1928,2032,9,2045,2041,0,678
2000-01-23,1967,"Philadelphia, PA",IAD,"Washington, DC",1530,1528,1619,5,1631,1624,0,134
2000-01-26,1863,"Philadelphia, PA",ORD,"Chicago, IL",1230,1234,1336,11,1338,1347,0,678
2000-01-05,1061,"Philadelphia, PA",ORD,"Chicago, IL",1530,1527,1627,9,1643,1636,0,678
2000-01-28,27,"Philadelphia, PA",LAX,"Los Angeles, CA",1215,1210,1429,6,1509,1435,0,2401
2000-01-12,35,"Philadelphia, PA",SFO,"San Francisco, CA",1715,1711,2046,6,2022,2052,0,2521
2000-01-26,111,"Philadelphia, PA",ORD,"Chicago, IL",1030,1032,1126,4,1141,1130,0,678
2000-01-16,1967,"Philadelphia, PA",IAD,"Washington, DC",1530,1525,1618,7,1631,1625,0,134
2000-01-06,1851,"Philadelphia, PA",ORD,"Chicago, IL",630,626,744,2,737,746,0,678
2000-01-20,1043,"Philadelphia, PA",ORD,"Chicago, IL",930,934,1103,7,1038,1110,0,678
2000-01-21,1865,"Philadelphia, PA",ORD,"Chicago, IL",1330,1339,1455,11,1441,1506,0,678
2000-01-17,1808,"Philadelphia, PA",ORD,"Chicago, IL",2035,,,,2144,,1,678
2000-01-13,1165,"Philadelphia, PA",DEN,"Denver, CO",1450,1453,1719,7,1657,1726,0,1557
2000-01-23,1161,"Philadelphia, PA",ORD,"Chicago, IL",1730,1725,1837,4,1847,1841,0,678
2000-01-17,1156,"Philadelphia, PA",ORD,"Chicago, IL",1830,,,,1950,,1,678
2000-01-24,1865,"Philadelphia, PA",ORD,"Chicago, IL",1330,1328,1440,6,1441,1446,0,678
2000-01-25,1589,"Philadelphia, PA",DEN,"Denver, CO",1855,,,,2101,,1,1557
2000-01-11,29,"Philadelphia, PA",LAX,"Los Angeles, CA",1805,1805,2124,14,2059,2138,0,2401
2000-01-13,31,"Philadelphia, PA",SFO,"San Francisco, CA",700,706,1102,6,1011,1108,0,2521
2000-01-14,1589,"Philadelphia, PA",DEN,"Denver, CO",1855,1854,2056,7,2101,2103,0,1557
2000-01-22,1047,"Philadelphia, PA",DEN,"Denver, CO",1035,1032,1243,13,1247,1256,0,1557
2000-01-15,1043,"Philadelphia, PA",ORD,"Chicago, IL",930,929,1040,5,1038,1045,0,678
2000-01-30,31,"Philadelphia, PA",SFO,"San Francisco, CA",700,700,928,7,1011,935,0,2521
2000-01-09,1875,"Philadelphia, PA",ORD,"Chicago, IL",1930,,,,2045,,1,678
2000-01-01,481,"Philadelphia, PA",DEN,"Denver, CO",1700,1657,1905,6,1911,1911,0,1557
2000-01-09,1808,"Philadelphia, PA",ORD,"Chicago, IL",2035,,,,2144,,1,678
2000-01-18,1691,"Philadelphia, PA",DEN,"Denver, CO",1700,1656,1920,5,1908,1925,0,1557
2000-01-20,203,"Philadelphia, PA",IAD,"Washington, DC",1950,2207,2336,3,2051,2339,0,134
2000-01-31,1161,"Philadelphia, PA",ORD,"Chicago, IL",1730,1729,1934,5,1847,1939,0,678
2000-01-25,35,"Philadelphia, PA",SFO,"San Francisco, CA",1715,,,,2022,,1,2521
2000-01-27,27,"Philadelphia, PA",LAX,"Los Angeles, CA",1215,,,,1509,,1,2401
2000-01-01,33,"Philadelphia, PA",SFO,"San Francisco, CA",900,858,1217,7,1207,1224,0,2521
2000-01-07,29,"Philadelphia, PA",LAX,"Los Angeles, CA",1805,1802,2048,5,2059,2053,0,2401
2000-01-31,111,"Philadelphia, PA",ORD,"Chicago, IL",1030,1029,1132,6,1141,1138,0,678
2000-01-09,1865,"Philadelphia, PA",ORD,"Chicago, IL",1330,1349,1507,7,1441,1514,0,678
2000-01-24,111,"Philadelphia, PA",ORD,"Chicago, IL",1030,1029,1136,6,1141,1142,0,678
2000-01-12,577,"Philadelphia, PA",ORD,"Chicago, IL",1630,1628,1739,14,1747,1753,0,678
2000-01-24,1861,"Philadelphia, PA",ORD,"Chicago, IL",1130,1125,1216,6,1240,1222,0,678
2000-01-28,1865,"Philadelphia, PA",ORD,"Chicago, IL",1330,1327,1427,9,1441,1436,0,678
2000-01-10,33,"Philadelphia, PA",SFO,"San Francisco, CA",900,855,1212,5,1202,1217,0,2521
2000-01-17,1043,"Philadelphia, PA",ORD,"Chicago, IL",930,927,1023,7,1038,1030,0,678
2000-01-20,1161,"Philadelphia, PA",ORD,"Chicago, IL",1730,,,,1847,,1,678
2000-01-26,1165,"Philadelphia, PA",DEN,"Denver, CO",1450,1454,1658,8,1657,1706,0,1557
2000-01-11,31,"Philadelphia, PA",SFO,"San Francisco, CA",700,657,,,1011,,0,2521
2000-01-19,1157,"Philadelphia, PA",DEN,"Denver, CO",825,819,1049,8,1041,1057,0,1557
2000-01-17,203,"Philadelphia, PA",IAD,"Washington, DC",1950,1950,2038,5,2051,2043,0,134
2000-01-15,111,"Philadelphia, PA",ORD,"Chicago, IL",1030,1028,1137,8,1144,1145,0,678
2000-01-30,33,"Philadelphia, PA",SFO,"San Francisco, CA",900,859,1147,10,1202,1157,0,2521
2000-01-20,111,"Philadelphia, PA",ORD,"Chicago, IL",1030,1102,1213,4,1141,1217,0,678
2000-01-08,1161,"Philadelphia, PA",ORD,"Chicago, IL",1730,1728,1831,4,1847,1835,0,678
2000-01-22,1156,"Philadelphia, PA",ORD,"Chicago, IL",1830,1836,2027,4,1950,2031,0,678
2000-01-04,149,"Philadelphia, PA",ORD,"Chicago, IL",1530,,,,1641,,1,678
2000-01-17,1157,"Philadelphia, PA",DEN,"Denver, CO",825,823,1037,6,1041,1043,0,1557
2000-01-09,1156,"Philadelphia, PA",ORD,"Chicago, IL",1830,1931,2053,6,1950,2059,0,678
2000-01-18,111,"Philadelphia, PA",ORD,"Chicago, IL",1030,1027,1139,8,1141,1147,0,678
2000-01-20,1061,"Philadelphia, PA",ORD,"Chicago, IL",1530,1537,1707,11,1643,1718,0,678
2000-01-25,1875,"Philadelphia, PA",ORD,"Chicago, IL",1930,,,,2045,,1,678
2000-01-17,1851,"Philadelphia, PA",ORD,"Chicago, IL",630,630,731,9,737,740,0,678
2000-01-01,29,"Philadelphia, PA",LAX,"Los Angeles, CA",1800,1759,2122,6,2058,2128,0,2401
2000-01-17,31,"Philadelphia, PA",SFO,"San Francisco, CA",700,659,1020,3,1011,1023,0,2521
2000-01-09,33,"Philadelphia, PA",SFO,"San Francisco, CA",900,857,1155,3,1202,1158,0,2521
2000-01-26,1875,"Philadelphia, PA",ORD,"Chicago, IL",1930,2007,2113,10,2045,2123,0,678
2000-01-05,577,"Philadelphia, PA",ORD,"Chicago, IL",1630,,,,1747,,1,678
2000-01-14,1043,"Philadelphia, PA",ORD,"Chicago, IL",930,925,1023,12,1038,1035,0,678
2000-01-12,25,"Philadelphia, PA",LAX,"Los Angeles, CA",700,707,1016,3,950,1019,0,2401
2000-01-06,577,"Philadelphia, PA",ORD,"Chicago, IL",1630,1628,1749,9,1747,1758,0,678
2000-01-13,1967,"Philadelphia, PA",IAD,"Washington, DC",1530,1709,1808,14,1631,1822,0,134
2000-01-21,599,"Philadelphia, PA",ORD,"Chicago, IL",730,729,850,9,844,859,0,678
2000-01-26,577,"Philadelphia, PA",ORD,"Chicago, IL",1630,1710,1808,11,1747,1819,0,678
2000-01-02,1967,"Philadelphia, PA",IAD,"Washington, DC",1530,1527,1611,5,1631,1616,0,134
2000-01-19,599,"Philadelphia, PA",ORD,"Chicago, IL",730,725,827,11,844,838,0,678
2000-01-07,599,"Philadelphia, PA",ORD,"Chicago, IL",730,729,851,5,844,856,0,678
2000-01-24,1851,"Philadelphia, PA",ORD,"Chicago, IL",630,629,740,5,737,745,0,678
2000-01-29,1865,"Philadelphia, PA",ORD,"Chicago, IL",1330,1330,1430,8,1441,1438,0,678
2000-01-03,1865,"Philadelphia, PA",ORD,"Chicago, IL",1330,1333,1502,4,1442,1506,0,678
2000-01-25,1157,"Philadelphia, PA",DEN,"Denver, CO",825,,,,1041,,1,1557
2000-01-16,1691,"Philadelphia, PA",DEN,"Denver, CO",1700,1657,1906,5,1908,1911,0,1557
2000-01-02,1519,"Philadelphia, PA",DEN,"Denver, CO",820,819,1044,6,1039,1050,0,1557
2000-01-16,577,"Philadelphia, PA",ORD,"Chicago, IL",1630,1627,1743,17,1747,1800,0,678
2000-01-12,1875,"Philadelphia, PA",ORD,"Chicago, IL",1930,1932,2039,12,2045,2051,0,678
2000-01-30,1808,"Philadelphia, PA",ORD,"Chicago, IL",2035,2201,2325,4,2144,2329,0,678
2000-01-10,1047,"Philadelphia, PA",DEN,"Denver, CO",1035,1032,1259,4,1247,1303,0,1557
2000-01-11,1855,"Philadelphia, PA",ORD,"Chicago, IL",830,,,,946,,1,678
2000-01-17,1061,"Philadelphia, PA",ORD,"Chicago, IL",1530,1711,1834,7,1643,1841,0,678
2000-01-16,29,"Philadelphia, PA",LAX,"Los Angeles, CA",1805,1759,2050,9,2059,2059,0,2401
2000-01-19,1161,"Philadelphia, PA",ORD,"Chicago, IL",1730,1731,1854,8,1847,1902,0,678
2000-01-24,1156,"Philadelphia, PA",ORD,"Chicago, IL",1830,1827,1933,11,1950,1944,0,678
2000-01-07,31,"Philadelphia, PA",SFO,"San Francisco, CA",700,655,1003,5,1011,1008,0,2521
2000-01-15,599,"Philadelphia, PA",ORD,"Chicago, IL",730,726,829,4,844,833,0,678
2000-01-06,111,"Philadelphia, PA",ORD,"Chicago, IL",1030,,,,1141,,1,678
2000-01-24,25,"Philadelphia, PA",LAX,"Los Angeles, CA",700,657,1007,4,950,1011,0,2401
2000-01-13,1865,"Philadelphia, PA",ORD,"Chicago, IL",1330,1422,1529,9,1441,1538,0,678
2000-01-11,1875,"Philadelphia, PA",ORD,"Chicago, IL",1930,2009,2118,8,2045,2126,0,678
2000-01-21,33,"Philadelphia, PA",SFO,"San Francisco, CA",900,859,1211,4,1202,1215,0,2521
2000-01-02,1873,"Philadelphia, PA",ORD,"Chicago, IL",1940,,,,2055,,1,678
2000-01-27,31,"Philadelphia, PA",SFO,"San Francisco, CA",700,808,1037,3,1011,1040,0,2521
2000-01-11,1161,"Philadelphia, PA",ORD,"Chicago, IL",1730,1730,1844,6,1847,1850,0,678
2000-01-13,35,"Philadelphia, PA",SFO,"San Francisco, CA",1715,1709,2044,6,2022,2050,0,2521
2000-01-06,1047,"Philadelphia, PA",DEN,"Denver, CO",1035,1126,1320,4,1247,1324,0,1557
2000-01-12,1855,"Philadelphia, PA",ORD,"Chicago, IL",830,,,,946,,1,678
2000-01-24,1808,"Philadelphia, PA",ORD,"Chicago, IL",2035,2031,2122,6,2144,2128,0,678
2000-01-12,1161,"Philadelphia, PA",ORD,"Chicago, IL",1730,1728,1914,9,1847,1923,0,678
2000-01-24,1047,"Philadelphia, PA",DEN,"Denver, CO",1035,1030,1245,6,1247,1251,0,1557
2000-01-19,27,"Philadelphia, PA",LAX,"Los Angeles, CA",1215,1214,1508,8,1509,1516,0,2401
2000-01-21,1691,"Philadelphia, PA",DEN,"Denver, CO",1700,1704,1920,6,1908,1926,0,1557
2000-01-14,1861,"Philadelphia, PA",ORD,"Chicago, IL",1130,1124,1232,7,1240,1239,0,678
2000-01-11,1967,"Philadelphia, PA",IAD,"Washington, DC",1530,1702,1800,7,1631,1807,0,134
2000-01-26,203,"Philadelphia, PA",IAD,"Washington, DC",1950,,,,2051,,1,134
2000-01-27,25,"Philadelphia, PA",LAX,"Los Angeles, CA",700,700,934,4,950,938,0,2401
2000-01-30,577,"Philadelphia, PA",ORD,"Chicago, IL",1630,1656,1810,6,1747,1816,0,678
2000-01-08,29,"Philadelphia, PA",LAX,"Los Angeles, CA",1805,1802,2045,3,2059,2048,0,2401
2000-01-13,1589,"Philadelphia, PA",DEN,"Denver, CO",1855,2013,2220,4,2101,2224,0,1557
2000-01-12,1691,"Philadelphia, PA",DEN,"Denver, CO",1700,1657,1921,6,1908,1927,0,1557
2000-01-24,35,"Philadelphia, PA",SFO,"San Francisco, CA",1715,1713,2032,9,2022,2041,0,2521
2000-01-25,1865,"Philadelphia, PA",ORD,"Chicago, IL",1330,,,,1441,,1,678
2000-01-05,599,"Philadelphia, PA",ORD,"Chicago, IL",730,748,900,4,844,904,0,678
2000-01-06,1691,"Philadelphia, PA",DEN,"Denver, CO",1700,1654,1852,7,1908,1859,0,1557
2000-01-24,1061,"Philadelphia, PA",ORD,"Chicago, IL",1530,,,,1643,,1,678
2000-01-08,33,"Philadelphia, PA",SFO,"San Francisco, CA",900,902,1214,7,1202,1221,0,2521
2000-01-24,1043,"Philadelphia, PA",ORD,"Chicago, IL",930,930,1027,8,1038,1035,0,678
2000-01-12,203,"Philadelphia, PA",IAD,"Washington, DC",1950,1954,2053,5,2051,2058,0,134
2000-01-06,1156,"Philadelphia, PA",ORD,"Chicago, IL",1830,1828,2000,11,1950,2011,0,678
2000-01-18,1043,"Philadelphia, PA",ORD,"Chicago, IL",930,936,1047,8,1038,1055,0,678
2000-01-14,1808,"Philadelphia, PA",ORD,"Chicago, IL",2035,2033,2131,3,2144,2134,0,678
2000-01-24,1161,"Philadelphia, PA",ORD,"Chicago, IL",1730,1729,1832,5,1847,1837,0,678
2000-01-17,1875,"Philadelphia, PA",ORD,"Chicago, IL",1930,,,,2045,,1,678
2000-01-30,1863,"Philadelphia, PA",ORD,"Chicago, IL",1230,1243,1400,6,1338,1406,0,678
2000-01-12,1047,"Philadelphia, PA",DEN,"Denver, CO",1035,1032,1244,7,1247,1251,0,1557
2000-01-19,1589,"Philadelphia, PA",DEN,"Denver, CO",1855,1854,2108,7,2101,2115,0,1557
2000-01-24,29,"Philadelphia, PA",LAX,"Los Angeles, CA",1805,1803,2047,8,2059,2055,0,2401
2000-01-13,27,"Philadelphia, PA",LAX,"Los Angeles, CA",1215,1212,1520,8,1509,1528,0,2401
2000-01-23,1165,"Philadelphia, PA",DEN,"Denver, CO",1450,1448,1659,5,1657,1704,0,1557
2000-01-08,1165,"Philadelphia, PA",DEN,"Denver, CO",1450,1445,1648,7,1657,1655,0,1557
2000-01-27,1967,"Philadelphia, PA",IAD,"Washington, DC",1530,1551,1653,4,1631,1657,0,134
2000-01-28,1855,"Philadelphia, PA",ORD,"Chicago, IL",830,826,921,13,946,934,0,678
2000-01-24,33,"Philadelphia, PA",SFO,"San Francisco, CA",900,853,1233,5,1202,1238,0,2521
2000-01-25,1967,"Philadelphia, PA",IAD,"Washington, DC",1530,,,,1631,,1,134
2000-01-19,1061,"Philadelphia, PA",ORD,"Chicago, IL",1530,1531,1651,6,1643,1657,0,678
2000-01-03,481,"Philadelphia, PA",DEN,"Denver, CO",1700,1658,1848,8,1911,1856,0,1557
2000-01-09,111,"Philadelphia, PA",ORD,"Chicago, IL",1030,1026,1148,10,1141,1158,0,678
2000-01-14,1865,"Philadelphia, PA",ORD,"Chicago, IL",1330,1329,1438,8,1441,1446,0,678
2000-01-10,1967,"Philadelphia, PA",IAD,"Washington, DC",1530,1542,1654,5,1631,1659,0,134
2000-01-05,27,"Philadelphia, PA",LAX,"Los Angeles, CA",1215,1215,1457,8,1509,1505,0,2401
2000-01-23,1691,"Philadelphia, PA",DEN,"Denver, CO",1700,1657,1858,5,1908,1903,0,1557
2000-01-03,1917,"Philadelphia, PA",ORD,"Chicago, IL",630,635,748,7,738,755,0,678
2000-01-07,1808,"Philadelphia, PA",ORD,"Chicago, IL",2035,2031,2126,3,2144,2129,0,678
2000-01-07,1043,"Philadelphia, PA",ORD,"Chicago, IL",930,928,1037,10,1038,1047,0,678
2000-01-19,1855,"Philadelphia, PA",ORD,"Chicago, IL",830,826,943,6,946,949,0,678
2000-01-02,1767,"Philadelphia, PA",IAD,"Washington, DC",1949,1956,2046,6,2050,2052,0,134
2000-01-10,1691,"Philadelphia, PA",DEN,"Denver, CO",1700,1656,1902,5,1908,1907,0,1557
2000-01-31,1861,"Philadelphia, PA",ORD,"Chicago, IL",1130,,,,1240,,1,678
2000-01-06,29,"Philadelphia, PA",LAX,"Los Angeles, CA",1805,1828,2117,6,2059,2123,0,2401
2000-01-13,29,"Philadelphia, PA",LAX,"Los Angeles, CA",1805,1801,2048,11,2059,2059,0,2401
2000-01-28,1863,"Philadelphia, PA",ORD,"Chicago, IL",1230,1227,1317,9,1338,1326,0,678
2000-01-31,1863,"Philadelphia, PA",ORD,"Chicago, IL",1230,1234,1340,4,1338,1344,0,678
2000-01-15,1865,"Philadelphia, PA",ORD,"Chicago, IL",1330,1327,1441,5,1441,1446,0,678
2000-01-15,1691,"Philadelphia, PA",DEN,"Denver, CO",1700,1655,1903,4,1908,1907,0,1557
2000-01-04,1869,"Philadelphia, PA",ORD,"Chicago, IL",1630,1630,1738,6,1748,1744,0,678
2000-01-04,31,"Philadelphia, PA",SFO,"San Francisco, CA",700,723,1008,5,1016,1013,0,2521
2000-01-27,35,"Philadelphia, PA",SFO,"San Francisco, CA",1715,,,,2022,,1,2521
2000-01-04,1967,"Philadelphia, PA",IAD,"Washington, DC",1530,1836,1933,5,1631,1938,0,134
2000-01-04,1863,"Philadelphia, PA",ORD,"Chicago, IL",1230,1230,1340,5,1339,1345,0,678
2000-01-15,1156,"Philadelphia, PA",ORD,"Chicago, IL",1830,1826,1943,15,1950,1958,0,678
2000-01-25,1156,"Philadelphia, PA",ORD,"Chicago, IL",1830,,,,1950,,1,678
2000-01-17,1161,"Philadelphia, PA",ORD,"Chicago, IL",1730,1923,2025,2,1847,2027,0,678
2000-01-16,1047,"Philadelphia, PA",DEN,"Denver, CO",1035,1029,1235,7,1247,1242,0,1557
2000-01-20,1875,"Philadelphia, PA",ORD,"Chicago, IL",1930,2002,2153,5,2045,2158,0,678
2000-01-16,203,"Philadelphia, PA",IAD,"Washington, DC",1950,1946,2046,5,2051,2051,0,134
2000-01-19,1043,"Philadelphia, PA",ORD,"Chicago, IL",930,928,1027,9,1038,1036,0,678
2000-01-24,1967,"Philadelphia, PA",IAD,"Washington, DC",1530,1527,1623,13,1631,1636,0,134
2000-01-27,599,"Philadelphia, PA",ORD,"Chicago, IL",730,730,854,7,844,901,0,678
2000-01-25,29,"Philadelphia, PA",LAX,"Los Angeles, CA",1805,,,,2059,,1,2401
2000-01-19,1808,"Philadelphia, PA",ORD,"Chicago, IL",2035,,,,2144,,1,678
2000-01-11,1851,"Philadelphia, PA",ORD,"Chicago, IL",630,627,745,6,737,751,0,678
2000-01-18,27,"Philadelphia, PA",LAX,"Los Angeles, CA",1215,1214,1503,7,1509,1510,0,2401
2000-01-07,1157,"Philadelphia, PA",DEN,"Denver, CO",825,826,1049,8,1041,1057,0,1557
2000-01-22,1865,"Philadelphia, PA",ORD,"Chicago, IL",1330,1350,1508,4,1441,1512,0,678
2000-01-31,599,"Philadelphia, PA",ORD,"Chicago, IL",730,,,,844,,1,678
2000-01-13,577,"Philadelphia, PA",ORD,"Chicago, IL",1630,,,,1747,,1,678
2000-01-18,1808,"Philadelphia, PA",ORD,"Chicago, IL",2035,2046,2153,5,2144,2158,0,678
2000-01-09,1967,"Philadelphia, PA",IAD,"Washington, DC",1530,1529,1626,3,1631,1629,0,134
2000-01-24,1875,"Philadelphia, PA",ORD,"Chicago, IL",1930,1928,2023,3,2045,2026,0,678
2000-01-05,1157,"Philadelphia, PA",DEN,"Denver, CO",825,822,1039,7,1032,1046,0,1557
2000-01-31,1061,"Philadelphia, PA",ORD,"Chicago, IL",1530,1547,1734,5,1643,1739,0,678
2000-01-15,25,"Philadelphia, PA",LAX,"Los Angeles, CA",700,700,927,5,950,932,0,2401
2000-01-21,1851,"Philadelphia, PA",ORD,"Chicago, IL",630,629,747,6,737,753,0,678
2000-01-09,1691,"Philadelphia, PA",DEN,"Denver, CO",1700,1714,1911,11,1908,1922,0,1557
2000-01-22,31,"Philadelphia, PA",SFO,"San Francisco, CA",700,658,1021,5,1011,1026,0,2521
2000-01-28,31,"Philadelphia, PA",SFO,"San Francisco, CA",700,701,945,3,1011,948,0,2521
2000-01-25,31,"Philadelphia, PA",SFO,"San Francisco, CA",700,,,,1011,,1,2521
2000-01-06,1808,"Philadelphia, PA",ORD,"Chicago, IL",2035,2032,2146,2,2144,2148,0,678
2000-01-31,203,"Philadelphia, PA",IAD,"Washington, DC",1950,1948,2046,5,2051,2051,0,134
2000-01-24,203,"Philadelphia, PA",IAD,"Washington, DC",1950,1945,2037,2,2051,2039,0,134
2000-01-02,31,"Philadelphia, PA",SFO,"San Francisco, CA",700,706,1009,7,1016,1016,0,2521
2000-01-28,25,"Philadelphia, PA",LAX,"Los Angeles, CA",700,709,934,3,950,937,0,2401
2000-01-25,599,"Philadelphia, PA",ORD,"Chicago, IL",730,,,,844,,1,678
2000-01-23,1589,"Philadelphia, PA",DEN,"Denver, CO",1855,1907,2103,7,2101,2110,0,1557
2000-01-22,1691,"Philadelphia, PA",DEN,"Denver, CO",1700,1701,1918,4,1908,1922,0,1557
2000-01-31,1808,"Philadelphia, PA",ORD,"Chicago, IL",2035,2149,2304,3,2144,2307,0,678
2000-01-21,1043,"Philadelphia, PA",ORD,"Chicago, IL",930,927,1021,18,1038,1039,0,678
2000-01-19,1165,"Philadelphia, PA",DEN,"Denver, CO",1450,,,,1657,,1,1557
2000-01-20,1851,"Philadelphia, PA",ORD,"Chicago, IL",630,643,816,5,737,821,0,678
2000-01-07,111,"Philadelphia, PA",ORD,"Chicago, IL",1030,,,,1141,,1,678
2000-01-09,1161,"Philadelphia, PA",ORD,"Chicago, IL",1730,1736,2023,9,1847,2032,0,678
2000-01-27,1855,"Philadelphia, PA",ORD,"Chicago, IL",830,825,928,8,946,936,0,678
2000-01-06,1589,"Philadelphia, PA",DEN,"Denver, CO",1855,1850,2047,6,2101,2053,0,1557
2000-01-29,1691,"Philadelphia, PA",DEN,"Denver, CO",1700,1654,1830,8,1908,1838,0,1557
2000-01-10,203,"Philadelphia, PA",IAD,"Washington, DC",1950,1958,2053,4,2051,2057,0,134
2000-01-03,27,"Philadelphia, PA",LAX,"Los Angeles, CA",1225,1222,1515,6,1523,1521,0,2401
2000-01-10,599,"Philadelphia, PA",ORD,"Chicago, IL",730,727,835,5,844,840,0,678
2000-01-27,1161,"Philadelphia, PA",ORD,"Chicago, IL",1730,,,,1847,,1,678
2000-01-05,29,"Philadelphia, PA",LAX,"Los Angeles, CA",1805,1801,2046,5,2059,2051,0,2401
2000-01-11,25,"Philadelphia, PA",LAX,"Los Angeles, CA",700,656,1011,5,950,1016,0,2401
2000-01-03,1869,"Philadelphia, PA",ORD,"Chicago, IL",1630,1722,1840,7,1748,1847,0,678
2000-01-23,27,"Philadelphia, PA",LAX,"Los Angeles, CA",1215,1212,1509,3,1509,1512,0,2401
2000-01-11,1061,"Philadelphia, PA",ORD,"Chicago, IL",1530,1529,1648,4,1643,1652,0,678
2000-01-09,31,"Philadelphia, PA",SFO,"San Francisco, CA",700,659,947,4,1011,951,0,2521
2000-01-18,35,"Philadelphia, PA",SFO,"San Francisco, CA",1715,1753,2138,5,2022,2143,0,2521
2000-01-16,111,"Philadelphia, PA",ORD,"Chicago, IL",1030,1024,1136,7,1141,1143,0,678
2000-01-12,1156,"Philadelphia, PA",ORD,"Chicago, IL",1830,1828,2001,10,1950,2011,0,678
2000-01-17,1165,"Philadelphia, PA",DEN,"Denver, CO",1450,1448,1702,6,1657,1708,0,1557
2000-01-25,33,"Philadelphia, PA",SFO,"San Francisco, CA",900,,,,1202,,1,2521
2000-01-30,1967,"Philadelphia, PA",IAD,"Washington, DC",1530,,,,1631,,1,134
2000-01-05,1161,"Philadelphia, PA",ORD,"Chicago, IL",1730,1726,1843,5,1847,1848,0,678
2000-01-12,599,"Philadelphia, PA",ORD,"Chicago, IL",730,728,837,10,844,847,0,678
2000-01-30,1691,"Philadelphia, PA",DEN,"Denver, CO",1700,1704,1903,5,1908,1908,0,1557
2000-01-03,149,"Philadelphia, PA",ORD,"Chicago, IL",1530,1704,1815,6,1641,1821,0,678
2000-01-25,111,"Philadelphia, PA",ORD,"Chicago, IL",1030,,,,1141,,1,678
2000-01-03,1967,"Philadelphia, PA",IAD,"Washington, DC",1530,,,,1631,,1,134
2000-01-28,1808,"Philadelphia, PA",ORD,"Chicago, IL",2035,2032,2123,9,2144,2132,0,678
2000-01-12,1061,"Philadelphia, PA",ORD,"Chicago, IL",1530,1525,1639,9,1643,1648,0,678
2000-01-22,1043,"Philadelphia, PA",ORD,"Chicago, IL",930,936,1040,4,1038,1044,0,678
2000-01-05,31,"Philadelphia, PA",SFO,"San Francisco, CA",700,659,955,4,1011,959,0,2521
2000-01-13,111,"Philadelphia, PA",ORD,"Chicago, IL",1030,1029,1136,8,1141,1144,0,678
2000-01-30,1165,"Philadelphia, PA",DEN,"Denver, CO",1450,1452,1633,24,1657,1657,0,1557
2000-01-30,25,"Philadelphia, PA",LAX,"Los Angeles, CA",700,658,921,8,950,929,0,2401
2000-01-02,1097,"Philadelphia, PA",ORD,"Chicago, IL",930,931,1043,3,1043,1046,0,678
2000-01-17,1861,"Philadelphia, PA",ORD,"Chicago, IL",1130,,,,1240,,1,678
2000-01-26,599,"Philadelphia, PA",ORD,"Chicago, IL",730,817,1013,8,844,1021,0,678
2000-01-29,31,"Philadelphia, PA",SFO,"San Francisco, CA",700,659,926,5,1011,931,0,2521
2000-01-07,27,"Philadelphia, PA",LAX,"Los Angeles, CA",1215,1226,1505,10,1509,1515,0,2401
2000-01-27,29,"Philadelphia, PA",LAX,"Los Angeles, CA",1805,1802,2042,3,2059,2045,0,2401
2000-01-28,35,"Philadelphia, PA",SFO,"San Francisco, CA",1715,1715,1949,7,2022,1956,0,2521
2000-01-25,25,"Philadelphia, PA",LAX,"Los Angeles, CA",700,,,,950,,1,2401
2000-01-31,35,"Philadelphia, PA",SFO,"San Francisco, CA",1715,1714,2014,5,2022,2019,0,2521
2000-01-16,1863,"Philadelphia, PA",ORD,"Chicago, IL",1230,1226,1335,8,1338,1343,0,678
2000-01-19,33,"Philadelphia, PA",SFO,"San Francisco, CA",900,857,1309,11,1202,1320,0,2521
2000-01-23,25,"Philadelphia, PA",LAX,"Los Angeles, CA",700,708,1011,3,950,1014,0,2401
2000-01-13,1157,"Philadelphia, PA",DEN,"Denver, CO",825,828,1129,11,1041,1140,0,1557
2000-01-21,203,"Philadelphia, PA",IAD,"Washington, DC",1950,2006,2057,5,2051,2102,0,134
2000-01-25,1691,"Philadelphia, PA",DEN,"Denver, CO",1700,,,,1908,,1,1557
2000-01-29,25,"Philadelphia, PA",LAX,"Los Angeles, CA",700,657,923,4,950,927,0,2401
2000-01-23,577,"Philadelphia, PA",ORD,"Chicago, IL",1630,1628,1737,6,1747,1743,0,678
2000-01-05,1865,"Philadelphia, PA",ORD,"Chicago, IL",1330,1330,1442,3,1441,1445,0,678
2000-01-18,1061,"Philadelphia, PA",ORD,"Chicago, IL",1530,1524,1623,4,1643,1627,0,678
2000-01-03,1859,"Philadelphia, PA",ORD,"Chicago, IL",1030,1031,1139,8,1145,1147,0,678
2000-01-05,1165,"Philadelphia, PA",DEN,"Denver, CO",1450,1450,1656,5,1657,1701,0,1557
2000-01-12,31,"Philadelphia, PA",SFO,"San Francisco, CA",700,703,1106,5,1011,1111,0,2521
2000-01-05,1863,"Philadelphia, PA",ORD,"Chicago, IL",1230,,,,1338,,1,678
2000-01-05,33,"Philadelphia, PA",SFO,"San Francisco, CA",900,859,1201,10,1202,1211,0,2521
2000-01-06,35,"Philadelphia, PA",SFO,"San Francisco, CA",1715,1712,2003,10,2022,2013,0,2521
2000-01-04,1519,"Philadelphia, PA",DEN,"Denver, CO",820,818,1019,8,1039,1027,0,1557
2000-01-13,203,"Philadelphia, PA",IAD,"Washington, DC",1950,1948,2057,4,2051,2101,0,134
2000-01-10,1165,"Philadelphia, PA",DEN,"Denver, CO",1450,1447,1650,5,1657,1655,0,1557
2000-01-30,35,"Philadelphia, PA",SFO,"San Francisco, CA",1715,1717,2022,9,2022,2031,0,2521
2000-01-11,1165,"Philadelphia, PA",DEN,"Denver, CO",1450,1446,1716,5,1657,1721,0,1557
2000-01-31,1165,"Philadelphia, PA",DEN,"Denver, CO",1450,1447,1630,5,1657,1635,0,1557
2000-01-01,35,"Philadelphia, PA",SFO,"San Francisco, CA",1715,1807,2136,9,2027,2145,0,2521
2000-01-20,1047,"Philadelphia, PA",DEN,"Denver, CO",1035,1033,1310,4,1247,1314,0,1557
2000-01-01,1865,"Philadelphia, PA",ORD,"Chicago, IL",1330,1328,1427,13,1442,1440,0,678
2000-01-23,33,"Philadelphia, PA",SFO,"San Francisco, CA",900,855,1223,9,1202,1232,0,2521
2000-01-20,1165,"Philadelphia, PA",DEN,"Denver, CO",1450,1500,1719,5,1657,1724,0,1557
2000-01-07,1875,"Philadelphia, PA",ORD,"Chicago, IL",1930,1926,2023,4,2045,2027,0,678
2000-01-05,111,"Philadelphia, PA",ORD,"Chicago, IL",1030,,,,1144,,1,678
2000-01-07,1161,"Philadelphia, PA",ORD,"Chicago, IL",1730,1725,1846,6,1847,1852,0,678
2000-01-07,1165,"Philadelphia, PA",DEN,"Denver, CO",1450,1447,1647,9,1657,1656,0,1557
2000-01-30,1157,"Philadelphia, PA",DEN,"Denver, CO",825,,,,1041,,1,1557
2000-01-26,1156,"Philadelphia, PA",ORD,"Chicago, IL",1830,1843,1939,11,1950,1950,0,678
2000-01-18,599,"Philadelphia, PA",ORD,"Chicago, IL",730,730,836,5,844,841,0,678
2000-01-09,29,"Philadelphia, PA",LAX,"Los Angeles, CA",1805,1801,2108,4,2059,2112,0,2401
2000-01-02,481,"Philadelphia, PA",DEN,"Denver, CO",1700,1659,1918,6,1911,1924,0,1557
2000-01-08,599,"Philadelphia, PA",ORD,"Chicago, IL",730,727,830,5,844,835,0,678
2000-01-27,1156,"Philadelphia, PA",ORD,"Chicago, IL",1830,1830,1946,10,1950,1956,0,678
2000-01-05,1589,"Philadelphia, PA",DEN,"Denver, CO",1855,1852,2108,8,2101,2116,0,1557
2000-01-08,1865,"Philadelphia, PA",ORD,"Chicago, IL",1330,1325,1434,3,1441,1437,0,678
2000-01-21,577,"Philadelphia, PA",ORD,"Chicago, IL",1630,1630,1745,10,1747,1755,0,678
2000-01-12,1157,"Philadelphia, PA",DEN,"Denver, CO",825,826,1105,6,1041,1111,0,1557
2000-01-06,27,"Philadelphia, PA",LAX,"Los Angeles, CA",1215,1210,1454,12,1509,1506,0,2401
2000-01-19,29,"Philadelphia, PA",LAX,"Los Angeles, CA",1805,1802,2053,6,2059,2059,0,2401
2000-01-22,33,"Philadelphia, PA",SFO,"San Francisco, CA",900,902,1214,6,1202,1220,0,2521
2000-01-29,111,"Philadelphia, PA",ORD,"Chicago, IL",1030,,,,1144,,1,678
2000-01-04,1097,"Philadelphia, PA",ORD,"Chicago, IL",930,927,1038,5,1043,1043,0,678
2000-01-29,1047,"Philadelphia, PA",DEN,"Denver, CO",1035,1036,1211,12,1247,1223,0,1557
2000-01-17,1863,"Philadelphia, PA",ORD,"Chicago, IL",1230,1226,1336,10,1338,1346,0,678
2000-01-14,1047,"Philadelphia, PA",DEN,"Denver, CO",1035,1030,1237,6,1247,1243,0,1557
2000-01-21,1808,"Philadelphia, PA",ORD,"Chicago, IL",2035,2031,2153,9,2144,2202,0,678
2000-01-11,1865,"Philadelphia, PA",ORD,"Chicago, IL",1330,1329,1451,6,1441,1457,0,678
2000-01-15,33,"Philadelphia, PA",SFO,"San Francisco, CA",900,901,1201,6,1202,1207,0,2521
2000-01-13,1875,"Philadelphia, PA",ORD,"Chicago, IL",1930,2020,2131,9,2045,2140,0,678
2000-01-12,1808,"Philadelphia, PA",ORD,"Chicago, IL",2035,2032,2122,9,2144,2131,0,678
2000-01-09,1589,"Philadelphia, PA",DEN,"Denver, CO",1855,1850,2051,10,2101,2101,0,1557
2000-01-09,1165,"Philadelphia, PA",DEN,"Denver, CO",1450,1450,1656,9,1657,1705,0,1557
2000-01-03,31,"Philadelphia, PA",SFO,"San Francisco, CA",700,700,953,8,1016,1001,0,2521
2000-01-03,1836,"Philadelphia, PA",ORD,"Chicago, IL",1840,2025,2143,10,2001,2153,0,678
2000-01-20,1967,"Philadelphia, PA",IAD,"Washington, DC",1530,1614,1715,5,1631,1720,0,134
2000-01-23,111,"Philadelphia, PA",ORD,"Chicago, IL",1030,1027,1150,6,1141,1156,0,678
2000-01-21,31,"Philadelphia, PA",SFO,"San Francisco, CA",700,701,1015,5,1011,1020,0,2521
2000-01-12,1863,"Philadelphia, PA",ORD,"Chicago, IL",1230,1227,1334,8,1338,1342,0,678
2000-01-19,1851,"Philadelphia, PA",ORD,"Chicago, IL",630,626,731,9,737,740,0,678
2000-01-17,577,"Philadelphia, PA",ORD,"Chicago, IL",1630,1844,1959,5,1747,2004,0,678
2000-01-19,203,"Philadelphia, PA",IAD,"Washington, DC",1950,1950,2042,6,2051,2048,0,134
2000-01-11,1047,"Philadelphia, PA",DEN,"Denver, CO",1035,1032,1254,8,1247,1302,0,1557
2000-01-15,1157,"Philadelphia, PA",DEN,"Denver, CO",825,822,1037,8,1041,1045,0,1557
2000-01-22,1161,"Philadelphia, PA",ORD,"Chicago, IL",1730,1919,2036,3,1847,2039,0,678
2000-01-18,1047,"Philadelphia, PA",DEN,"Denver, CO",1035,1032,1245,5,1247,1250,0,1557
2000-01-05,35,"Philadelphia, PA",SFO,"San Francisco, CA",1715,1710,1956,6,2022,2002,0,2521
2000-01-16,1808,"Philadelphia, PA",ORD,"Chicago, IL",2035,2027,2134,8,2144,2142,0,678
2000-01-04,1865,"Philadelphia, PA",ORD,"Chicago, IL",1330,1324,1447,4,1442,1451,0,678
2000-01-09,1863,"Philadelphia, PA",ORD,"Chicago, IL",1230,1230,1349,5,1338,1354,0,678
2000-01-24,1855,"Philadelphia, PA",ORD,"Chicago, IL",830,826,940,2,946,942,0,678
2000-01-10,1043,"Philadelphia, PA",ORD,"Chicago, IL",930,946,1055,3,1038,1058,0,678
2000-01-21,1156,"Philadelphia, PA",ORD,"Chicago, IL",1830,1830,1954,13,1950,2007,0,678
2000-01-12,1589,"Philadelphia, PA",DEN,"Denver, CO",1855,1854,2133,4,2101,2137,0,1557
2000-01-12,1967,"Philadelphia, PA",IAD,"Washington, DC",1530,1543,1632,7,1631,1639,0,134
2000-01-04,1765,"Philadelphia, PA",DEN,"Denver, CO",1450,1456,,,1700,,0,1557
2000-01-14,1157,"Philadelphia, PA",DEN,"Denver, CO",825,822,1107,10,1041,1117,0,1557
2000-01-19,1156,"Philadelphia, PA",ORD,"Chicago, IL",1830,1830,1955,21,1950,2016,0,678
2000-01-05,1156,"Philadelphia, PA",ORD,"Chicago, IL",1830,1828,2009,4,1950,2013,0,678
2000-01-08,1967,"Philadelphia, PA",IAD,"Washington, DC",1530,1528,1620,6,1631,1626,0,134
2000-01-31,29,"Philadelphia, PA",LAX,"Los Angeles, CA",1805,1801,2049,7,2059,2056,0,2401
2000-01-26,1691,"Philadelphia, PA",DEN,"Denver, CO",1700,1738,2105,10,1908,2115,0,1557
2000-01-07,1156,"Philadelphia, PA",ORD,"Chicago, IL",1830,1826,1959,12,1950,2011,0,678
2000-01-14,25,"Philadelphia, PA",LAX,"Los Angeles, CA",700,734,955,6,950,1001,0,2401
2000-01-19,1875,"Philadelphia, PA",ORD,"Chicago, IL",1930,,,,2045,,1,678
2000-01-20,29,"Philadelphia, PA",LAX,"Los Angeles, CA",1805,2101,27,10,2059,37,0,2401
2000-01-10,1865,"Philadelphia, PA",ORD,"Chicago, IL",1330,1326,1448,6,1441,1454,0,678
2000-01-23,1865,"Philadelphia, PA",ORD,"Chicago, IL",1330,1328,1449,6,1441,1455,0,678
2000-01-01,149,"Philadelphia, PA",ORD,"Chicago, IL",1530,,,,1644,,1,678
2000-01-14,27,"Philadelphia, PA",LAX,"Los Angeles, CA",1215,1217,1443,7,1509,1450,0,2401
2000-01-20,1156,"Philadelphia, PA",ORD,"Chicago, IL",1830,,,,1950,,1,678
2000-01-10,29,"Philadelphia, PA",LAX,"Los Angeles, CA",1805,1816,2104,7,2059,2111,0,2401
2000-01-28,1156,"Philadelphia, PA",ORD,"Chicago, IL",1830,1859,2005,12,1950,2017,0,678
2000-01-28,1047,"Philadelphia, PA",DEN,"Denver, CO",1035,1030,1215,18,1247,1233,0,1557
2000-01-11,1808,"Philadelphia, PA",ORD,"Chicago, IL",2035,2031,2157,2,2144,2159,0,678
2000-01-17,111,"Philadelphia, PA",ORD,"Chicago, IL",1030,1027,1129,6,1141,1135,0,678
2000-01-01,1956,"Philadelphia, PA",DEN,"Denver, CO",1135,1132,1328,6,1350,1334,0,1557
2000-01-19,31,"Philadelphia, PA",SFO,"San Francisco, CA",700,656,1040,5,1011,1045,0,2521
2000-01-04,1836,"Philadelphia, PA",ORD,"Chicago, IL",1840,2050,2150,4,2001,2154,0,678
2000-01-28,1061,"Philadelphia, PA",ORD,"Chicago, IL",1530,1533,1630,12,1643,1642,0,678
2000-01-25,1808,"Philadelphia, PA",ORD,"Chicago, IL",2035,,,,2144,,1,678
2000-01-26,29,"Philadelphia, PA",LAX,"Los Angeles, CA",1805,1825,2055,5,2059,2100,0,2401
2000-01-15,29,"Philadelphia, PA",LAX,"Los Angeles, CA",1805,1804,2050,8,2059,2058,0,2401
2000-01-27,1691,"Philadelphia, PA",DEN,"Denver, CO",1700,1704,1854,9,1908,1903,0,1557
2000-01-31,1157,"Philadelphia, PA",DEN,"Denver, CO",825,821,1003,5,1041,1008,0,1557
2000-01-02,1836,"Philadelphia, PA",ORD,"Chicago, IL",1840,2016,2143,5,2001,2148,0,678
2000-01-31,1589,"Philadelphia, PA",DEN,"Denver, CO",1855,1900,2053,9,2101,2102,0,1557
2000-01-07,1863,"Philadelphia, PA",ORD,"Chicago, IL",1230,1235,1340,9,1338,1349,0,678
2000-01-18,25,"Philadelphia, PA",LAX,"Los Angeles, CA",700,657,958,2,950,1000,0,2401
2000-01-24,577,"Philadelphia, PA",ORD,"Chicago, IL",1630,1629,1720,5,1747,1725,0,678
2000-01-16,1061,"Philadelphia, PA",ORD,"Chicago, IL",1530,1523,1633,10,1643,1643,0,678
2000-01-20,1157,"Philadelphia, PA",DEN,"Denver, CO",825,824,1125,4,1041,1129,0,1557
2000-01-14,1875,"Philadelphia, PA",ORD,"Chicago, IL",1930,1928,2038,4,2045,2042,0,678
2000-01-21,1047,"Philadelphia, PA",DEN,"Denver, CO",1035,1031,1247,6,1247,1253,0,1557
2000-01-13,1043,"Philadelphia, PA",ORD,"Chicago, IL",930,928,1042,8,1038,1050,0,678
2000-01-04,481,"Philadelphia, PA",DEN,"Denver, CO",1700,1659,1857,6,1911,1903,0,1557
2000-01-27,1047,"Philadelphia, PA",DEN,"Denver, CO",1035,1032,1219,5,1247,1224,0,1557
2000-01-25,1161,"Philadelphia, PA",ORD,"Chicago, IL",1730,,,,1847,,1,678
2000-01-08,31,"Philadelphia, PA",SFO,"San Francisco, CA",700,658,959,5,1011,1004,0,2521
2000-01-06,1061,"Philadelphia, PA",ORD,"Chicago, IL",1530,1526,1636,4,1643,1640,0,678
2000-01-05,1808,"Philadelphia, PA",ORD,"Chicago, IL",2035,,,,2144,,1,678
2000-01-06,1861,"Philadelphia, PA",ORD,"Chicago, IL",1130,,,,1240,,1,678
2000-01-15,1161,"Philadelphia, PA",ORD,"Chicago, IL",1730,1726,1830,6,1847,1836,0,678
2000-01-08,111,"Philadelphia, PA",ORD,"Chicago, IL",1030,1025,1129,3,1144,1132,0,678
2000-01-18,1156,"Philadelphia, PA",ORD,"Chicago, IL",1830,1826,1931,6,1950,1937,0,678
2000-01-27,33,"Philadelphia, PA",SFO,"San Francisco, CA",900,856,1153,5,1202,1158,0,2521
2000-01-09,35,"Philadelphia, PA",SFO,"San Francisco, CA",1715,1729,2048,7,2022,2055,0,2521
2000-01-19,1865,"Philadelphia, PA",ORD,"Chicago, IL",1330,1340,1508,6,1441,1514,0,678
2000-01-07,203,"Philadelphia, PA",IAD,"Washington, DC",1950,1944,2050,3,2051,2053,0,134
2000-01-16,27,"Philadelphia, PA",LAX,"Los Angeles, CA",1215,1211,1447,5,1509,1452,0,2401
2000-01-04,35,"Philadelphia, PA",SFO,"San Francisco, CA",1715,1812,2113,6,2027,2119,0,2521
2000-01-23,1808,"Philadelphia, PA",ORD,"Chicago, IL",2035,2149,2259,4,2144,2303,0,678
2000-01-24,1165,"Philadelphia, PA",DEN,"Denver, CO",1450,1446,1700,10,1657,1710,0,1557
2000-01-17,29,"Philadelphia, PA",LAX,"Los Angeles, CA",1805,1801,2047,12,2059,2059,0,2401
2000-01-11,1691,"Philadelphia, PA",DEN,"Denver, CO",1700,1658,1929,4,1908,1933,0,1557
2000-01-24,1157,"Philadelphia, PA",DEN,"Denver, CO",825,844,1047,9,1041,1056,0,1557
2000-01-17,25,"Philadelphia, PA",LAX,"Los Angeles, CA",700,657,932,11,950,943,0,2401
2000-01-04,1956,"Philadelphia, PA",DEN,"Denver, CO",1135,1133,1323,6,1350,1329,0,1557
2000-01-17,599,"Philadelphia, PA",ORD,"Chicago, IL",730,727,827,9,844,836,0,678
2000-01-27,1589,"Philadelphia, PA",DEN,"Denver, CO",1855,1853,2103,6,2101,2109,0,1557
2000-01-15,1061,"Philadelphia, PA",ORD,"Chicago, IL",1530,,,,1643,,1,678
2000-01-24,27,"Philadelphia, PA",LAX,"Los Angeles, CA",1215,1212,1513,5,1509,1518,0,2401
2000-01-07,1047,"Philadelphia, PA",DEN,"Denver, CO",1035,1031,1239,6,1247,1245,0,1557
2000-01-09,577,"Philadelphia, PA",ORD,"Chicago, IL",1630,1715,1908,6,1747,1914,0,678
2000-01-09,25,"Philadelphia, PA",LAX,"Los Angeles, CA",700,658,927,4,950,931,0,2401
2000-01-16,1157,"Philadelphia, PA",DEN,"Denver, CO",825,822,1047,5,1041,1052,0,1557
2000-01-05,1855,"Philadelphia, PA",ORD,"Chicago, IL",830,,,,946,,1,678
2000-01-01,1767,"Philadelphia, PA",IAD,"Washington, DC",1949,1945,2033,6,2050,2039,0,134
2000-01-02,35,"Philadelphia, PA",SFO,"San Francisco, CA",1715,1715,2018,5,2027,2023,0,2521
2000-01-22,29,"Philadelphia, PA",LAX,"Los Angeles, CA",1805,1815,2121,5,2059,2126,0,2401
2000-01-27,577,"Philadelphia, PA",ORD,"Chicago, IL",1630,1633,1735,11,1747,1746,0,678
2000-01-14,111,"Philadelphia, PA",ORD,"Chicago, IL",1030,1026,1132,4,1141,1136,0,678
2000-01-09,1157,"Philadelphia, PA",DEN,"Denver, CO",825,822,1035,7,1041,1042,0,1557
2000-01-07,1691,"Philadelphia, PA",DEN,"Denver, CO",1700,1658,1853,6,1908,1859,0,1557
2000-01-25,1047,"Philadelphia, PA",DEN,"Denver, CO",1035,,,,1247,,1,1557
2000-01-19,1047,"Philadelphia, PA",DEN,"Denver, CO",1035,1033,1253,7,1247,1300,0,1557
2000-01-09,1061,"Philadelphia, PA",ORD,"Chicago, IL",1530,1525,1655,7,1643,1702,0,678
2000-01-06,1043,"Philadelphia, PA",ORD,"Chicago, IL",930,929,1039,5,1038,1044,0,678
2000-01-18,1855,"Philadelphia, PA",ORD,"Chicago, IL",830,827,939,9,946,948,0,678
2000-01-14,1851,"Philadelphia, PA",ORD,"Chicago, IL",630,627,739,3,737,742,0,678
2000-01-26,1589,"Philadelphia, PA",DEN,"Denver, CO",1855,2004,2206,4,2101,2210,0,1557
2000-01-23,29,"Philadelphia, PA",LAX,"Los Angeles, CA",1805,1801,2058,9,2059,2107,0,2401
2000-01-27,111,"Philadelphia, PA",ORD,"Chicago, IL",1030,1027,1125,8,1141,1133,0,678
2000-01-17,1047,"Philadelphia, PA",DEN,"Denver, CO",1035,1033,1241,4,1247,1245,0,1557
2000-01-09,203,"Philadelphia, PA",IAD,"Washington, DC",1950,1949,2109,6,2051,2115,0,134
2000-01-04,1873,"Philadelphia, PA",ORD,"Chicago, IL",1940,,,,2055,,1,678
2000-01-20,33,"Philadelphia, PA",SFO,"San Francisco, CA",900,858,1312,5,1202,1317,0,2521
2000-01-19,35,"Philadelphia, PA",SFO,"San Francisco, CA",1715,1709,2029,9,2022,2038,0,2521
2000-01-26,1157,"Philadelphia, PA",DEN,"Denver, CO",825,,,,1041,,1,1557
2000-01-27,1157,"Philadelphia, PA",DEN,"Denver, CO",825,840,1043,9,1041,1052,0,1557
2000-01-10,1156,"Philadelphia, PA",ORD,"Chicago, IL",1830,1927,2034,6,1950,2040,0,678
2000-01-14,1165,"Philadelphia, PA",DEN,"Denver, CO",1450,1449,1702,5,1657,1707,0,1557
2000-01-11,203,"Philadelphia, PA",IAD,"Washington, DC",1950,1949,2041,3,2051,2044,0,134
2000-01-14,577,"Philadelphia, PA",ORD,"Chicago, IL",1630,1628,1740,5,1747,1745,0,678
2000-01-21,111,"Philadelphia, PA",ORD,"Chicago, IL",1030,1027,1135,4,1141,1139,0,678
2000-01-20,1865,"Philadelphia, PA",ORD,"Chicago, IL",1330,,,,1441,,1,678
2000-01-26,1865,"Philadelphia, PA",ORD,"Chicago, IL",1330,1504,1602,9,1441,1611,0,678
2000-01-14,29,"Philadelphia, PA",LAX,"Los Angeles, CA",1805,1802,2047,9,2059,2056,0,2401
2000-01-14,1967,"Philadelphia, PA",IAD,"Washington, DC",1530,1529,1615,2,1631,1617,0,134
2000-01-21,1161,"Philadelphia, PA",ORD,"Chicago, IL",1730,1729,1839,10,1847,1849,0,678
2000-01-23,599,"Philadelphia, PA",ORD,"Chicago, IL",730,728,839,5,841,844,0,678
2000-01-01,1097,"Philadelphia, PA",ORD,"Chicago, IL",930,926,1033,3,1043,1036,0,678
2000-01-01,1967,"Philadelphia, PA",IAD,"Washington, DC",1530,1526,1609,5,1631,1614,0,134
2000-01-14,1855,"Philadelphia, PA",ORD,"Chicago, IL",830,826,935,2,946,937,0,678
2000-01-01,1869,"Philadelphia, PA",ORD,"Chicago, IL",1630,1626,1736,5,1748,1741,0,678
2000-01-08,1691,"Philadelphia, PA",DEN,"Denver, CO",1700,1657,1903,10,1908,1913,0,1557
2000-01-07,1861,"Philadelphia, PA",ORD,"Chicago, IL",1130,1211,1322,5,1240,1327,0,678
2000-01-09,1043,"Philadelphia, PA",ORD,"Chicago, IL",930,934,1042,4,1038,1046,0,678
2000-01-12,1865,"Philadelphia, PA",ORD,"Chicago, IL",1330,1328,1443,12,1441,1455,0,678
2000-01-02,25,"Philadelphia, PA",LAX,"Los Angeles, CA",700,657,944,5,954,949,0,2401
2000-01-23,1061,"Philadelphia, PA",ORD,"Chicago, IL",1530,1527,1648,4,1643,1652,0,678
2000-01-19,1967,"Philadelphia, PA",IAD,"Washington, DC",1530,1534,1631,3,1631,1634,0,134
